site_lat	site_lon	lat	lon	metres	distance_m
48.38217	-124.59167	48.382203274054	-124.59167	3.7	4
48.38217	-124.59167	48.3821935283038	-124.591634679263	3.7	4
48.38217	-124.59167	48.3821699999892	-124.591620048958	3.7	4
48.38217	-124.59167	48.3821367259458	-124.59167	3.7	4
48.38217	-124.59167	48.3821699999892	-124.591719951042	3.7	4
48.38217	-124.59167	48.3832514066551	-124.59167	120.25	120
48.38217	-124.59167	48.3829346642734	-124.59052205938	120.25	120
48.38217	-124.59167	48.3821699885467	-124.590046591122	120.25	120
48.38217	-124.59167	48.3810885931406	-124.59167	120.25	120
48.38217	-124.59167	48.3821699885467	-124.593293408878	120.25	120
48.38217	-124.59167	48.3866539018543	-124.59167	498.6	499
48.38217	-124.59167	48.3853404993095	-124.586909998602	498.6	499
48.38217	-124.59167	48.3821698030921	-124.584938759547	498.6	499
48.38217	-124.59167	48.3776860946334	-124.59167	498.6	499
48.38217	-124.59167	48.3821698030921	-124.598401240453	498.6	499
48.38217	-124.59167	48.3866601969407	-124.59167	499.3	499
48.38217	-124.59167	48.3853449503321	-124.586903315473	499.3	499
48.38217	-124.59167	48.3821698025388	-124.58492930935	499.3	499
48.38217	-124.59167	48.3776797995372	-124.59167	499.3	499
48.38217	-124.59167	48.3821698025388	-124.59841069065	499.3	499
48.38217	-124.59167	48.3866637941329	-124.59167	499.7	500
48.38217	-124.59167	48.3853474937734	-124.586899496542	499.7	500
48.38217	-124.59167	48.3821698022224	-124.584923909237	499.7	500
48.38217	-124.59167	48.3776762023393	-124.59167	499.7	500
48.38217	-124.59167	48.3821698022224	-124.598416090763	499.7	500
48.38217	-124.59167	48.3866700892193	-124.59167	500.4	500
48.38217	-124.59167	48.3853519447954	-124.58689281341	500.4	500
48.38217	-124.59167	48.3821698016678	-124.58491445904	500.4	500
48.38217	-124.59167	48.3776699072431	-124.59167	500.4	500
48.38217	-124.59167	48.3821698016678	-124.59842554096	500.4	500
48.38217	-124.59167	48.38668357869	-124.59167	501.9	502
48.38217	-124.59167	48.3853614826984	-124.586878492412	501.9	502
48.38217	-124.59167	48.382169800477	-124.584894208617	501.9	502
48.38217	-124.59167	48.3776564177511	-124.59167	501.9	502
48.38217	-124.59167	48.382169800477	-124.598445791383	501.9	502
48.38217	-124.59167	48.4001577455088	-124.59167	2000.2	2000
48.38217	-124.59167	48.3948876777465	-124.57257105103	2000.2	2000
48.38217	-124.59167	48.3821668311232	-124.564666737602	2000.2	2000
48.38217	-124.59167	48.3641821979679	-124.59167	2000.2	2000
48.38217	-124.59167	48.3821668311232	-124.618673262398	2000.2	2000
48.38583	-124.59967	48.3858632740327	-124.59967	3.7	4
48.38583	-124.59967	48.3858535282888	-124.59963467673	3.7	4
48.38583	-124.59967	48.3858299999892	-124.599620045376	3.7	4
48.38583	-124.59967	48.3857967259671	-124.59967	3.7	4
48.38583	-124.59967	48.3858299999892	-124.599719954624	3.7	4
48.38583	-124.59967	48.3869114059637	-124.59967	120.25	120
48.38583	-124.59967	48.3865946637838	-124.598521977073	120.25	120
48.38583	-124.59967	48.3858299885453	-124.598046474728	120.25	120
48.38583	-124.59967	48.3847485938321	-124.59967	120.25	120
48.38583	-124.59967	48.3858299885453	-124.601293525272	120.25	120
48.38583	-124.59967	48.3903138989875	-124.59967	498.6	499
48.38583	-124.59967	48.3890004972697	-124.594909657283	498.6	499
48.38583	-124.59967	48.385829803067	-124.592938276932	498.6	499
48.38583	-124.59967	48.3813460975003	-124.59967	498.6	499
48.38583	-124.59967	48.385829803067	-124.606401723068	498.6	499
48.38583	-124.59967	48.3903201940698	-124.59967	499.3	499
48.38583	-124.59967	48.3890049482894	-124.594902973675	499.3	499
48.38583	-124.59967	48.3858298025136	-124.592928826058	499.3	499
48.38583	-124.59967	48.3813398024081	-124.59967	499.3	499
48.38583	-124.59967	48.3858298025136	-124.606411173942	499.3	499
48.38583	-124.59967	48.3903237912597	-124.59967	499.7	500
48.38583	-124.59967	48.3890074917291	-124.594899154469	499.7	500
48.38583	-124.59967	48.3858298021971	-124.592923425558	499.7	500
48.38583	-124.59967	48.3813362052126	-124.59967	499.7	500
48.38583	-124.59967	48.3858298021971	-124.606416574442	499.7	500
48.38583	-124.59967	48.3903300863421	-124.59967	500.4	500
48.38583	-124.59967	48.3890119427482	-124.594892470859	500.4	500
48.38583	-124.59967	48.3858298016425	-124.592913974683	500.4	500
48.38583	-124.59967	48.3813299101203	-124.59967	500.4	500
48.38583	-124.59967	48.3858298016425	-124.606426025317	500.4	500
48.38583	-124.59967	48.3903435758042	-124.59967	501.9	502
48.38583	-124.59967	48.389021480645	-124.594878148833	501.9	502
48.38583	-124.59967	48.3858298004515	-124.592893722809	501.9	502
48.38583	-124.59967	48.381316420637	-124.59967	501.9	502
48.38583	-124.59967	48.3858298004515	-124.606446277191	501.9	502
48.38583	-124.59967	48.4038177340084	-124.59967	2000.2	2000
48.38583	-124.59967	48.3985476694118	-124.580569681068	2000.2	2000
48.38583	-124.59967	48.3858268307182	-124.57266480153	2000.2	2000
48.38583	-124.59967	48.3678422094691	-124.59967	2000.2	2000
48.38583	-124.59967	48.3858268307182	-124.62667519847	2000.2	2000
48.36183	-124.54567	48.3618632741722	-124.54567	3.7	4
48.36183	-124.54567	48.3618535283874	-124.545634693327	3.7	4
48.36183	-124.54567	48.3618299999892	-124.545620068848	3.7	4
48.36183	-124.54567	48.3617967258276	-124.54567	3.7	4
48.36183	-124.54567	48.3618299999892	-124.545719931152	3.7	4
48.36183	-124.54567	48.3629114104977	-124.54567	120.25	120
48.36183	-124.54567	48.3625946669947	-124.544522516489	120.25	120
48.36183	-124.54567	48.3618299885549	-124.544047237546	120.25	120
48.36183	-124.54567	48.360748589298	-124.54567	120.25	120
48.36183	-124.54567	48.3618299885549	-124.547292762454	120.25	120
48.36183	-124.54567	48.3663139177872	-124.54567	498.6	499
48.36183	-124.54567	48.3650005106456	-124.540911894193	498.6	499
48.36183	-124.54567	48.3618298032319	-124.538941439853	498.6	499
48.36183	-124.54567	48.3573460787002	-124.54567	498.6	499
48.36183	-124.54567	48.3618298032319	-124.552398560147	498.6	499
48.36183	-124.54567	48.366320212896	-124.54567	499.3	499
48.36183	-124.54567	48.3650049616843	-124.540905213726	499.3	499
48.36183	-124.54567	48.361829802679	-124.538931993418	499.3	499
48.36183	-124.54567	48.3573397835816	-124.54567	499.3	499
48.36183	-124.54567	48.361829802679	-124.552408006582	499.3	499
48.36183	-124.54567	48.3663238101009	-124.54567	499.7	500
48.36183	-124.54567	48.3650075051347	-124.540901396315	499.7	500
48.36183	-124.54567	48.3618298023628	-124.538926595456	499.7	500
48.36183	-124.54567	48.357336186371	-124.54567	499.7	500
48.36183	-124.54567	48.3618298023628	-124.552413404544	499.7	500
48.36183	-124.54567	48.3663301052097	-124.54567	500.4	500
48.36183	-124.54567	48.3650119561728	-124.540894715846	500.4	500
48.36183	-124.54567	48.3618298018087	-124.538917149022	500.4	500
48.36183	-124.54567	48.3573298912523	-124.54567	500.4	500
48.36183	-124.54567	48.3618298018087	-124.552422850978	500.4	500
48.36183	-124.54567	48.3663435947284	-124.54567	501.9	502
48.36183	-124.54567	48.36502149411	-124.540880400551	501.9	502
48.36183	-124.54567	48.3618298006187	-124.538896906663	501.9	502
48.36183	-124.54567	48.3573164017124	-124.54567	501.9	502
48.36183	-124.54567	48.3618298006187	-124.552443093337	501.9	502
48.36183	-124.54567	48.3798178094238	-124.54567	2000.2	2000
48.36183	-124.54567	48.3745477240672	-124.526578659415	2000.2	2000
48.36183	-124.54567	48.361826833373	-124.518677490002	2000.2	2000
48.36183	-124.54567	48.3438421340478	-124.54567	2000.2	2000
48.36183	-124.54567	48.361826833373	-124.572662509998	2000.2	2000
