id	name	organization_id	slug
1	Orca Network	1	orca-network
2	Cascadia Research Collective	2	cascadia
3	The Marine Mammal Center	3	tmmc
4	Orcasound	5	orcasound
5	Monterey Bay Aquarium Research Institute	4	mbari
6	Whale Alert (Global)		whale-alert-global
7	Whale Alert (Alaska)		whale-alert-alaska
8	iNaturalist		inaturalist
9	HappyWhale		happywhale
10	SalishSea.io Direct		salishsea-direct
11	PSWS		psws
12	MCW		mcw
13	CWW		cww
14	WSSJI		wssji
15	HIWS		hiws
16	SBW		sbw
17	WA		wa
18	SSCH		ssch
19	SA		sa
20	PSWW		psww
21	Bremerton FB group		bremerton-fb
22	Whale Alert		whale-alert
