type	label	position
happywhale.accuracy	GENERAL	1
happywhale.accuracy	APPROX	2
happywhale.accuracy	PRECISE	3
inaturalist.rank	infrahybrid	1
inaturalist.rank	form	2
inaturalist.rank	variety	3
inaturalist.rank	subspecies	4
inaturalist.rank	hybrid	5
inaturalist.rank	species	6
inaturalist.rank	complex	7
inaturalist.rank	subsection	8
inaturalist.rank	section	9
inaturalist.rank	subgenus	10
inaturalist.rank	genushybrid	11
inaturalist.rank	genus	12
inaturalist.rank	subtribe	13
inaturalist.rank	tribe	14
inaturalist.rank	supertribe	15
inaturalist.rank	subfamily	16
inaturalist.rank	family	17
inaturalist.rank	epifamily	18
inaturalist.rank	superfamily	19
inaturalist.rank	zoosubsection	20
inaturalist.rank	zoosection	21
inaturalist.rank	parvorder	22
inaturalist.rank	infraorder	23
inaturalist.rank	suborder	24
inaturalist.rank	order	25
inaturalist.rank	superorder	26
inaturalist.rank	subterclass	27
inaturalist.rank	infraclass	28
inaturalist.rank	subclass	29
inaturalist.rank	class	30
inaturalist.rank	superclass	31
inaturalist.rank	subphylum	32
inaturalist.rank	phylum	33
inaturalist.rank	kingdom	34
inaturalist.rank	stateofmatter	35
public.identification_certainty	possible	1
public.identification_certainty	probable	2
public.identification_certainty	certain	3
public.license	cc0	1
public.license	cc-by	2
public.license	cc-by-nc	3
public.license	cc-by-sa	4
public.license	cc-by-nd	5
public.license	cc-by-nc-sa	6
public.license	cc-by-nc-nd	7
public.license	none	8
public.sex	male	1
public.sex	female	2
public.travel_direction	north	1
public.travel_direction	northeast	2
public.travel_direction	east	3
public.travel_direction	southeast	4
public.travel_direction	south	5
public.travel_direction	southwest	6
public.travel_direction	west	7
public.travel_direction	northwest	8
