id	individual_id	code	scheme	status	is_primary	in_catalog	superseded_by	authority_id
1	1	AM3	alaska	active	false	true		
2	1	T002B	bc_wa	active	true	true		
3	2	AM5	alaska	active	false	true		
4	2	T002C	bc_wa	active	true	true		
5	3	T002C1	bc_wa	active	true	true		
6	4	T002C2	bc_wa	active	true	true		
7	5	T002C3	bc_wa	active	true	true		
8	6	T002C4	bc_wa	active	true	true		
9	7	T002C5	bc_wa	active	true	true		
10	8	T002C6	bc_wa	active	true	true		
11	9	T007	bc_wa	active	true	true		
12	10	T007A	bc_wa	active	true	true		
13	11	T007B	bc_wa	active	true	true		
14	12	T007B3	bc_wa	active	true	true		
15	13	T007B4	bc_wa	active	true	true		
16	14	T007B6	bc_wa	active	true	true		
17	15	T007B7	bc_wa	active	true	true		
18	16	T010	bc_wa	active	true	true		
19	17	T010B	bc_wa	active	true	true		
20	18	T010C	bc_wa	active	true	true		
21	19	T011	bc_wa	active	true	true		
22	20	T011A	bc_wa	active	true	true		
23	21	T012A	bc_wa	active	true	true		
24	22	T018	bc_wa	active	true	true		
25	23	T019	bc_wa	active	true	true		
26	24	T019B	bc_wa	active	true	true		
27	25	T019C	bc_wa	active	true	true		
28	26	T021	bc_wa	active	true	true		
29	27	T020	bc_wa	active	true	true		
30	28	T023	bc_wa	active	true	true		
31	29	T023D	bc_wa	active	true	true		
32	30	T023D3	bc_wa	active	true	true		
33	31	T023D4	bc_wa	active	true	true		
34	32	T023D5	bc_wa	active	true	true		
35	33	T023C	bc_wa	active	true	true		
36	34	T023C3	bc_wa	active	true	true		
37	35	T023C4	bc_wa	active	true	true		
38	36	T023C5	bc_wa	active	true	true		
39	37	T023C6	bc_wa	active	true	true		
40	38	T026	bc_wa	active	true	true		
41	39	T026A	bc_wa	active	true	true		
42	40	T028	bc_wa	active	true	true		
43	41	T028C	bc_wa	active	true	true		
44	42	T028D	bc_wa	active	true	true		
45	43	T028E	bc_wa	active	true	true		
46	44	T028A	bc_wa	active	true	true		
47	45	T028A1	bc_wa	active	true	true		
48	46	T028A2	bc_wa	active	true	true		
49	47	T028A3	bc_wa	active	true	true		
50	48	T028B	bc_wa	active	true	true		
51	49	T028B1	bc_wa	active	true	true		
52	50	T028B2	bc_wa	active	true	true		
53	51	T030	bc_wa	active	true	true		
54	52	T030A	bc_wa	active	true	true		
55	53	T030C	bc_wa	active	true	true		
56	54	T030B	bc_wa	active	true	true		
57	55	T030B1	bc_wa	active	true	true		
58	56	T030B2	bc_wa	active	true	true		
59	57	T030B3	bc_wa	active	true	true		
60	58	T031	bc_wa	active	true	true		
61	59	T034	bc_wa	active	true	true		
62	60	T034A	bc_wa	active	true	true		
63	61	T034A1	bc_wa	active	true	true		
64	62	T034A2	bc_wa	active	true	true		
65	63	T034B	bc_wa	active	true	true		
66	64	T035	bc_wa	active	true	true		
67	65	T035A	bc_wa	active	true	true		
68	66	T035A1	bc_wa	active	true	true		
69	67	T035A2	bc_wa	active	true	true		
70	68	T035A3	bc_wa	active	true	true		
71	69	T035A4	bc_wa	active	true	true		
72	70	AB31	alaska	active	false	true		
73	70	T036	bc_wa	active	true	true		
74	71	T036B	bc_wa	active	true	true		
75	72	T036B1	bc_wa	active	true	true		
76	73	T036B1A	bc_wa	active	true	true		
77	74	T036B2	bc_wa	active	true	true		
78	75	T036B3	bc_wa	active	true	true		
79	76	T036B4	bc_wa	active	true	true		
80	77	AM35	alaska	active	false	true		
81	77	T036A	bc_wa	active	true	true		
82	78	T036A1	bc_wa	active	true	true		
83	79	T036A1A	bc_wa	active	true	true		
84	80	T036A2	bc_wa	active	true	true		
85	81	T036A3	bc_wa	active	true	true		
86	82	T036A5	bc_wa	active	true	true		
87	83	T037	bc_wa	active	true	true		
88	84	T037B	bc_wa	active	true	true		
89	85	T037B1	bc_wa	active	true	true		
90	86	T037B2	bc_wa	active	true	true		
91	87	T037B3	bc_wa	active	true	true		
92	88	T037A	bc_wa	active	true	true		
93	89	T037A1	bc_wa	active	true	true		
94	90	T037A2	bc_wa	active	true	true		
95	91	T037A3	bc_wa	active	true	true		
96	92	T037A4	bc_wa	active	true	true		
97	93	T037A5	bc_wa	active	true	true		
98	94	T038	bc_wa	active	true	true		
99	95	T038B	bc_wa	active	true	true		
100	96	T038B1	bc_wa	active	true	true		
101	97	T038B2	bc_wa	active	true	true		
102	98	T038C	bc_wa	active	true	true		
103	99	T038D	bc_wa	active	true	true		
104	100	T038E	bc_wa	active	true	true		
105	101	T038F	bc_wa	active	true	true		
106	102	T038A	bc_wa	active	true	true		
107	103	T038A1	bc_wa	active	true	true		
108	104	T038A2	bc_wa	active	true	true		
109	105	T038A3	bc_wa	active	true	true		
110	106	AL40	alaska	active	false	true		
111	106	T040	bc_wa	active	true	true		
112	107	T041	bc_wa	active	true	true		
113	108	T041A	bc_wa	active	true	true		
114	109	T041A1	bc_wa	active	true	true		
115	110	T041A2	bc_wa	active	true	true		
116	111	T041A3	bc_wa	active	true	true		
117	112	T046	bc_wa	active	true	true		
118	113	T046D	bc_wa	active	true	true		
119	114	T046E	bc_wa	active	true	true		
120	115	T046F	bc_wa	active	true	true		
121	116	T046A	bc_wa	superseded	false	true	122	
122	116	T122	bc_wa	active	true	true		
123	117	T046B	bc_wa	active	true	true		
124	118	T046B1	bc_wa	active	true	true		
125	119	T046B1A	bc_wa	active	true	true		
126	120	T046B1B	bc_wa	active	true	true		
127	121	T046B1C	bc_wa	active	true	true		
128	122	T046B2	bc_wa	active	true	true		
129	123	T046B2A	bc_wa	active	true	true		
130	124	T046B2B	bc_wa	active	true	true		
131	125	T046B3	bc_wa	active	true	true		
132	126	T046B3A	bc_wa	active	true	true		
133	127	T046B4	bc_wa	active	true	true		
134	128	T046B5	bc_wa	active	true	true		
135	129	T046B6	bc_wa	active	true	true		
136	130	T046B7	bc_wa	active	true	true		
137	131	T046C	bc_wa	active	true	true		
138	132	T046C1	bc_wa	active	true	true		
139	133	T046C2	bc_wa	active	true	true		
140	134	T046C3	bc_wa	active	true	true		
141	135	T046C4	bc_wa	active	true	true		
142	136	T046C5	bc_wa	active	true	true		
143	137	AL12	alaska	active	false	true		
144	137	T049A	bc_wa	active	true	true		
145	138	T049A1	bc_wa	active	true	true		
146	139	T049A2	bc_wa	active	true	true		
147	140	T049A3	bc_wa	active	true	true		
148	141	T049A4	bc_wa	active	true	true		
149	142	T049A5	bc_wa	active	true	true		
150	143	T049A6	bc_wa	active	true	true		
151	144	AL20	alaska	active	false	true		
152	144	T049B	bc_wa	active	true	true		
153	145	T049B1	bc_wa	active	true	true		
154	146	T049B2	bc_wa	active	true	true		
155	147	T049B3	bc_wa	active	true	true		
156	148	T049B4	bc_wa	active	true	true		
157	149	T049B5	bc_wa	active	true	true		
158	150	T049C	bc_wa	active	true	true		
159	151	AL8	alaska	active	false	true		
160	151	T050	bc_wa	active	true	true		
161	152	T050A	bc_wa	active	true	true		
162	153	T050B	bc_wa	active	true	true		
163	154	T050B1	bc_wa	active	true	true		
164	155	T050B2	bc_wa	active	true	true		
165	156	T050C	bc_wa	active	true	true		
166	157	T050D	bc_wa	active	true	true		
167	158	T050E	bc_wa	active	true	true		
168	159	AL9	alaska	active	false	true		
169	159	T051	bc_wa	active	true	true		
170	160	T054	bc_wa	active	true	true		
171	161	T055	bc_wa	active	true	true		
172	162	T055A	bc_wa	active	true	true		
173	163	T055B	bc_wa	active	true	true		
174	164	T055B1	bc_wa	active	true	true		
175	165	T055C	bc_wa	active	true	true		
176	166	T057	bc_wa	active	true	true		
177	167	T057A	bc_wa	active	true	true		
178	168	T058	bc_wa	active	true	true		
179	169	T059	bc_wa	active	true	true		
180	170	T059A	bc_wa	active	true	true		
181	171	T059A1	bc_wa	active	true	true		
182	172	T059A1A	bc_wa	active	true	true		
183	173	T059A2	bc_wa	active	true	true		
184	174	T059A3	bc_wa	active	true	true		
185	175	T059A4	bc_wa	active	true	true		
186	176	T059A5	bc_wa	active	true	true		
187	177	T060	bc_wa	active	true	true		
188	178	T060C	bc_wa	active	true	true		
189	179	T060D	bc_wa	active	true	true		
190	180	T060E	bc_wa	active	true	true		
191	181	T060F	bc_wa	active	true	true		
192	182	T060G	bc_wa	active	true	true		
193	183	AM21	alaska	active	false	true		
194	183	T064	bc_wa	active	true	true		
195	184	AM27	alaska	active	false	true		
196	184	T064A	bc_wa	active	true	true		
197	185	T064A2	bc_wa	active	true	true		
198	186	T064A3	bc_wa	active	true	true		
199	187	T064A4	bc_wa	active	true	true		
200	188	T064A5	bc_wa	active	true	true		
201	189	T064B	bc_wa	active	true	true		
202	190	T064B1	bc_wa	active	true	true		
203	191	T064B1A	bc_wa	active	true	true		
204	192	T064B2	bc_wa	active	true	true		
205	193	AM22	alaska	active	false	true		
206	193	T065	bc_wa	active	true	true		
207	194	AM20	alaska	active	false	true		
208	194	T063	bc_wa	active	true	true		
209	195	AM25	alaska	active	false	true		
210	195	T065A	bc_wa	active	true	true		
211	196	T065A2	bc_wa	active	true	true		
212	197	T065A3	bc_wa	active	true	true		
213	198	T065A4	bc_wa	active	true	true		
214	199	T065A5	bc_wa	active	true	true		
215	200	T065A6	bc_wa	active	true	true		
216	201	AM26	alaska	active	false	true		
217	201	T065B	bc_wa	active	true	true		
218	202	T065B1	bc_wa	active	true	true		
219	203	T065B2	bc_wa	active	true	true		
220	204	T065B3	bc_wa	active	true	true		
221	205	AQ10	alaska	active	false	true		
222	205	T068	bc_wa	active	true	true		
223	206	AQ11	alaska	active	false	true		
224	206	T068A	bc_wa	active	true	true		
225	207	AQ12	alaska	active	false	true		
226	207	T068B	bc_wa	active	true	true		
227	208	T068B1	bc_wa	active	true	true		
228	209	T068B1A	bc_wa	active	true	true		
229	210	T068B1C	bc_wa	active	true	true		
230	211	T068B1D	bc_wa	active	true	true		
231	212	T068B2	bc_wa	active	true	true		
232	213	T068B3	bc_wa	active	true	true		
233	214	T068B4	bc_wa	active	true	true		
234	215	T068B5	bc_wa	active	true	true		
235	216	AQ14	alaska	active	false	true		
236	216	T068C	bc_wa	active	true	true		
237	217	T068C1	bc_wa	active	true	true		
238	218	T068C3	bc_wa	active	true	true		
239	219	T068C3A	bc_wa	active	true	true		
240	220	T068C4	bc_wa	active	true	true		
241	221	T068C5	bc_wa	active	true	true		
242	222	T068C6	bc_wa	active	true	true		
243	223	T069	bc_wa	active	true	true		
244	224	T069C	bc_wa	active	true	true		
245	225	T069E	bc_wa	active	true	true		
246	226	T069F	bc_wa	active	true	true		
247	227	T069A	bc_wa	active	true	true		
248	228	T069A2	bc_wa	active	true	true		
249	229	T069A3	bc_wa	active	true	true		
250	230	T069A4	bc_wa	active	true	true		
251	231	T069A5	bc_wa	active	true	true		
252	232	T069A6	bc_wa	active	true	true		
253	233	T069D	bc_wa	active	true	true		
254	234	T069D1	bc_wa	active	true	true		
255	235	T069D2	bc_wa	active	true	true		
256	236	T069D3	bc_wa	active	true	true		
257	237	T069D4	bc_wa	active	true	true		
258	238	T071	bc_wa	active	true	true		
259	239	T071A	bc_wa	active	true	true		
260	240	T071C	bc_wa	active	true	true		
261	241	T071D	bc_wa	active	true	true		
262	242	T071E	bc_wa	active	true	true		
263	243	T071B	bc_wa	active	true	true		
264	244	T071B1	bc_wa	active	true	true		
265	245	T071B2	bc_wa	active	true	true		
266	246	T071B3	bc_wa	active	true	true		
267	247	AQ2	alaska	active	false	true		
268	247	T072	bc_wa	active	true	true		
269	248	T073	bc_wa	active	true	true		
270	249	AQ32	alaska	active	false	true		
271	249	T074	bc_wa	active	true	true		
272	250	T073D	bc_wa	active	true	true		
273	251	T073A	bc_wa	active	true	true		
274	252	T073A1	bc_wa	active	true	true		
275	253	T073A2	bc_wa	active	true	true		
276	254	T073A3	bc_wa	active	true	true		
277	255	AQ35	alaska	active	false	true		
278	255	T073B	bc_wa	active	true	true		
279	256	T073C	bc_wa	active	true	true		
280	257	T073C1	bc_wa	active	true	true		
281	258	T073C2	bc_wa	active	true	true		
282	259	AQ3	alaska	active	false	true		
283	259	T075	bc_wa	active	true	true		
284	260	AQ9	alaska	active	false	true		
285	260	T075A	bc_wa	active	true	true		
286	261	AQ15	alaska	active	false	true		
287	261	T075B	bc_wa	active	true	true		
288	262	T075B1	bc_wa	active	true	true		
289	263	T075B2	bc_wa	active	true	true		
290	264	T075B3	bc_wa	active	true	true		
291	265	T075B4	bc_wa	active	true	true		
292	266	T075C	bc_wa	active	true	true		
293	267	T075C1	bc_wa	active	true	true		
294	268	T075C2	bc_wa	active	true	true		
295	269	T075C3	bc_wa	active	true	true		
296	270	T075C4	bc_wa	active	true	true		
297	271	AQ7	alaska	active	false	true		
298	271	T077	bc_wa	active	true	true		
299	272	T077A	bc_wa	active	true	true		
300	273	T077B	bc_wa	active	true	true		
301	274	T077C	bc_wa	active	true	true		
302	275	T077D	bc_wa	active	true	true		
303	276	T077E	bc_wa	active	true	true		
304	277	T085	bc_wa	active	true	true		
305	278	T085A	bc_wa	active	true	true		
306	279	T085B	bc_wa	active	true	true		
307	280	T085C	bc_wa	active	true	true		
308	281	T085D	bc_wa	active	true	true		
309	282	AL15	alaska	active	false	true		
310	282	T086A	bc_wa	active	true	true		
311	283	T086A1	bc_wa	active	true	true		
312	284	T086A1A	bc_wa	active	true	true		
313	285	T086A1B	bc_wa	active	true	true		
314	286	T086A3	bc_wa	active	true	true		
315	287	T086A3A	bc_wa	active	true	true		
316	288	T086A4	bc_wa	active	true	true		
317	289	T086A5	bc_wa	active	true	true		
318	290	AO1	alaska	active	false	true		
319	290	T087	bc_wa	active	true	true		
320	291	AO4	alaska	active	false	true		
321	291	T090	bc_wa	active	true	true		
322	292	T090B	bc_wa	active	true	true		
323	293	T090C	bc_wa	active	true	true		
324	294	T090D	bc_wa	active	true	true		
325	295	T091	bc_wa	active	true	true		
326	296	AH1	alaska	active	false	true		
327	296	T093	bc_wa	active	true	true		
328	297	AH5	alaska	active	false	true		
329	297	T097	bc_wa	active	true	true		
330	298	AM34	alaska	active	false	true		
331	298	T099	bc_wa	active	true	true		
332	299	T099A	bc_wa	active	true	true		
333	300	T099B	bc_wa	active	true	true		
334	301	T099B1	bc_wa	uncertain	true	true		
335	302	T099C	bc_wa	active	true	true		
336	303	T099D	bc_wa	active	true	true		
337	304	T099E	bc_wa	active	true	true		
338	305	AL41	alaska	active	false	true		
339	305	T100	bc_wa	active	true	true		
340	306	T100C	bc_wa	active	true	true		
341	307	T100E	bc_wa	active	true	true		
342	308	T100F	bc_wa	active	true	true		
343	309	T100B	bc_wa	active	true	true		
344	310	T100B1	bc_wa	active	true	true		
345	311	T100B2	bc_wa	active	true	true		
346	312	T100B3	bc_wa	active	true	true		
347	313	AL42	alaska	active	false	true		
348	313	T101	bc_wa	active	true	true		
349	314	T102	bc_wa	active	true	true		
350	315	AL45	alaska	active	false	true		
351	315	T101A	bc_wa	active	true	true		
352	316	T101B	bc_wa	active	true	true		
353	317	AM23	alaska	active	false	true		
354	317	T103	bc_wa	active	true	true		
355	318	T109	bc_wa	active	true	true		
356	319	T109D	bc_wa	active	true	true		
357	320	T109D1	bc_wa	active	true	true		
358	321	T109D2	bc_wa	active	true	true		
359	322	T109E	bc_wa	active	true	true		
360	323	T109A	bc_wa	active	true	true		
361	324	T109A3	bc_wa	active	true	true		
362	325	T109A3A	bc_wa	active	true	true		
363	326	T109A4	bc_wa	active	true	true		
364	327	T109A5	bc_wa	active	true	true		
365	328	T109A6	bc_wa	active	true	true		
366	329	T109A7	bc_wa	active	true	true		
367	330	T109A8	bc_wa	active	true	true		
368	331	T109A2	bc_wa	active	true	true		
369	332	T109A2A	bc_wa	active	true	true		
370	333	T109A2B	bc_wa	active	true	true		
371	334	T109A2C	bc_wa	active	true	true		
372	335	T109A2D	bc_wa	active	true	true		
373	336	T109B	bc_wa	active	true	true		
374	337	T109B3	bc_wa	active	true	true		
375	338	T109B4	bc_wa	active	true	true		
376	339	T109B5	bc_wa	active	true	true		
377	340	T109B6	bc_wa	active	true	true		
378	341	T109C	bc_wa	active	true	true		
379	342	T109C1	bc_wa	active	true	true		
380	343	T109C2	bc_wa	active	true	true		
381	344	T109C3	bc_wa	active	true	true		
382	345	T112	bc_wa	uncertain	true	false		
383	346	T114	bc_wa	uncertain	true	false		
384	347	T111	bc_wa	active	true	false		
385	348	T111A	bc_wa	active	true	false		
386	349	T111A1	bc_wa	active	true	false		
387	350	T111B	bc_wa	active	true	false		
388	351	T111B2	bc_wa	active	true	true		
389	352	T111B3	bc_wa	active	true	true		
390	353	T111C	bc_wa	active	true	false		
391	354	T115	bc_wa	active	true	true		
392	355	T113	bc_wa	active	true	true		
393	356	T116	bc_wa	active	true	false		
394	357	T116A	bc_wa	active	true	false		
395	358	T116B	bc_wa	active	true	false		
396	359	T117	bc_wa	active	true	true		
397	360	T120	bc_wa	active	true	true		
398	361	T117A	bc_wa	active	true	true		
399	362	T117B	bc_wa	active	true	true		
400	363	T117B1	bc_wa	active	true	true		
401	364	T118	bc_wa	active	true	true		
402	365	T070	bc_wa	active	true	true		
403	366	T121A	bc_wa	active	true	true		
404	367	T121A1	bc_wa	active	true	true		
405	368	T121A2	bc_wa	active	true	true		
406	369	T121A3	bc_wa	active	true	true		
407	370	T123	bc_wa	active	true	true		
408	371	T123A	bc_wa	active	true	true		
409	372	T123C	bc_wa	active	true	true		
410	373	T123D	bc_wa	active	true	true		
411	374	T124	bc_wa	active	true	true		
412	375	AL18	alaska	active	false	true		
413	375	T124C	bc_wa	active	true	true		
414	376	T124A	bc_wa	active	true	true		
415	377	T124A3	bc_wa	active	true	true		
416	378	T124A3A	bc_wa	active	true	true		
417	379	T124A4	bc_wa	active	true	true		
418	380	T124A4A	bc_wa	active	true	true		
419	381	T124A6	bc_wa	active	true	true		
420	382	T124A7	bc_wa	active	true	true		
421	383	T124A1	bc_wa	active	true	true		
422	384	T124A1A	bc_wa	active	true	true		
423	385	T124A2	bc_wa	active	true	true		
424	386	T124A2A	bc_wa	active	true	true		
425	387	T124A2B	bc_wa	active	true	true		
426	388	T124D	bc_wa	active	true	true		
427	389	T124D1	bc_wa	active	true	true		
428	390	T124D2	bc_wa	active	true	true		
429	391	T124D3	bc_wa	active	true	true		
430	392	T124D4	bc_wa	active	true	true		
431	393	T124E	bc_wa	active	true	true		
432	394	AV52	alaska	active	false	true		
433	394	T125	bc_wa	active	true	true		
434	395	AV53	alaska	active	false	true		
435	395	T127	bc_wa	active	true	true		
436	396	AV51	alaska	active	false	true		
437	396	T128	bc_wa	active	true	true		
438	397	T125A	bc_wa	active	true	true		
439	398	T131	bc_wa	uncertain	true	false		
440	399	CA52	california	active	false	true		
441	399	T129	bc_wa	uncertain	true	false		
442	400	CA59	california	active	false	true		
443	400	T130	bc_wa	uncertain	true	false		
444	401	CA20	california	active	false	true		
445	401	AO10	alaska	active	false	true		
446	401	T132	bc_wa	active	true	true		
447	402	CA18	california	active	false	true		
448	402	T133	bc_wa	uncertain	true	false		
449	403	CA54	california	active	false	true		
450	403	T134	bc_wa	active	true	true		
451	404	CA27	california	active	false	true		
452	404	T135	bc_wa	uncertain	true	false		
453	405	T137	bc_wa	active	true	true		
454	406	T137A	bc_wa	active	true	true		
455	407	T137B	bc_wa	active	true	true		
456	408	T137D	bc_wa	active	true	true		
457	409	T139	bc_wa	active	true	true		
458	410	T141	bc_wa	active	true	true		
459	411	T141A	bc_wa	active	true	true		
460	412	T141B	bc_wa	active	true	true		
461	413	T141C	bc_wa	active	true	true		
462	414	T140	bc_wa	active	true	true		
463	415	T140B	bc_wa	active	true	true		
464	416	T140C	bc_wa	active	true	true		
465	417	T143	bc_wa	uncertain	true	false		
466	418	T142	bc_wa	uncertain	true	false		
467	419	T146	bc_wa	active	true	true		
468	420	T146A	bc_wa	active	true	true		
469	421	T146A1	bc_wa	active	true	true		
470	422	T146A2	bc_wa	active	true	true		
471	423	T146B	bc_wa	active	true	true		
472	424	T146C	bc_wa	active	true	true		
473	425	T146C1	bc_wa	active	true	true		
474	426	T146D	bc_wa	active	true	true		
475	427	T146E	bc_wa	active	true	true		
476	428	T147	bc_wa	active	true	true		
477	429	T148	bc_wa	active	true	true		
478	430	T149	bc_wa	uncertain	true	false		
479	431	T151	bc_wa	active	true	true		
480	432	T150	bc_wa	active	true	true		
481	433	T151A	bc_wa	active	true	true		
482	434	T151A1	bc_wa	active	true	true		
483	435	T151B	bc_wa	active	true	true		
484	436	T151C	bc_wa	active	true	true		
485	437	T151D	bc_wa	active	true	true		
486	438	T152	bc_wa	active	true	true		
487	439	T152A	bc_wa	active	true	true		
488	440	T152B	bc_wa	active	true	true		
489	441	T152C	bc_wa	active	true	true		
490	442	T157	bc_wa	active	true	false		
491	443	CA28	california	active	false	true		
492	443	T160	bc_wa	uncertain	true	false		
493	444	CA38	california	active	false	true		
494	444	T161	bc_wa	uncertain	true	false		
495	445	T162	bc_wa	active	true	true		
496	446	T166	bc_wa	active	true	true		
497	447	T165	bc_wa	active	true	true		
498	448	T166A	bc_wa	active	true	true		
499	449	T166A1	bc_wa	active	true	true		
500	450	T167	bc_wa	active	true	true		
501	451	T167A	bc_wa	active	true	true		
502	452	T167B	bc_wa	active	true	true		
503	453	T167C	bc_wa	active	true	true		
504	454	T168A	bc_wa	active	true	true		
505	455	T168A1	bc_wa	active	true	true		
506	456	T168A2	bc_wa	active	true	true		
507	457	T169	bc_wa	uncertain	true	false		
508	458	T170	bc_wa	active	true	true		
509	459	T171	bc_wa	active	true	true		
510	460	T172	bc_wa	active	true	true		
511	461	T173	bc_wa	active	true	true		
512	462	T175	bc_wa	active	true	true		
513	463	T174	bc_wa	active	true	true		
514	464	T174A	bc_wa	active	true	true		
515	465	T174A1	bc_wa	active	true	true		
516	466	T174A2	bc_wa	active	true	true		
517	467	T174B	bc_wa	active	true	true		
518	468	T174B1	bc_wa	active	true	true		
519	469	T174C	bc_wa	active	true	true		
520	470	T176	bc_wa	active	true	true		
521	471	T176A	bc_wa	active	true	true		
522	472	T176B	bc_wa	active	true	true		
523	473	AT30	alaska	active	false	true		
524	473	T177	bc_wa	uncertain	true	false		
525	474	AT32	alaska	active	false	true		
526	474	T178	bc_wa	uncertain	true	false		
527	475	AT74	alaska	active	false	true		
528	475	T179	bc_wa	active	true	false		
529	476	AT74A	alaska	active	false	true		
530	476	T179A	bc_wa	active	true	false		
531	477	T179B	bc_wa	active	true	false		
532	478	U41	alaska	active	false	true		
533	478	T180	bc_wa	active	true	false		
534	479	T181	bc_wa	uncertain	true	false		
535	480	T181A	bc_wa	uncertain	true	false		
536	481	T182	bc_wa	uncertain	true	false		
537	482	T183	bc_wa	uncertain	true	false		
538	483	T183A	bc_wa	uncertain	true	false		
539	484	T184	bc_wa	uncertain	true	false		
540	485	T185	bc_wa	active	true	false		
541	486	T186	bc_wa	active	true	false		
542	487	T187	bc_wa	active	true	false		
543	488	T185A	bc_wa	active	true	false		
544	489	U47	alaska	active	false	true		
545	489	T188	bc_wa	uncertain	true	false		
546	490	U48	alaska	active	false	true		
547	490	T188A	bc_wa	uncertain	true	false		
548	491	CA154	california	active	false	true		
549	491	T196	bc_wa	active	true	false		
550	492	CA079	california	active	false	true		
551	492	T197	bc_wa	active	true	false		
552	493	T199	bc_wa	active	true	true		
553	494	T199A	bc_wa	active	true	true		
554	495	T199B	bc_wa	active	true	true		
555	496	T199C	bc_wa	active	true	true		
556	497	CA171B	california	active	false	true		
557	497	T221B	bc_wa	active	true	false		
558	498	T223	bc_wa	active	true	true		
559	499	T224	bc_wa	active	true	true		
560	500	T224A	bc_wa	active	true	true		
561	501	T224B	bc_wa	active	true	true		
562	502	T225	bc_wa	active	true	true		
563	503	T227	bc_wa	active	true	true		
564	504	CA173	california	active	false	true		
565	504	T252	bc_wa	active	true	true		
566	505	CA166	california	active	false	true		
567	505	T251	bc_wa	active	true	true		
568	506	CA172	california	active	false	true		
569	506	T250	bc_wa	active	true	true		
570	507	CA172C	california	active	false	true		
571	507	T250C	bc_wa	active	true	true		
572	508	CA172D	california	active	false	true		
573	508	T250D	bc_wa	active	true	true		
574	509	T253	bc_wa	active	true	true		
575	510	T253A	bc_wa	active	true	true		
