id	entity_id	primary_designation	mother_id	maternity_certainty	father_id	paternity_certainty
1	SSA:0010000	T002B		presumed		
2	SSA:0010001	T002C		presumed		
3	SSA:0010002	T002C1	2	presumed		
4	SSA:0010003	T002C2	2	presumed		
5	SSA:0010004	T002C3	2	presumed		
6	SSA:0010005	T002C4	2	presumed		
7	SSA:0010006	T002C5	2	presumed		
8	SSA:0010007	T002C6	2	presumed		
9	SSA:0010008	T007		presumed		
10	SSA:0010009	T007A	9	presumed		
11	SSA:0010010	T007B	9	presumed		
12	SSA:0010011	T007B3	11	presumed		
13	SSA:0010012	T007B4	11	presumed		
14	SSA:0010013	T007B6	11	presumed		
15	SSA:0010014	T007B7	11	presumed		
16	SSA:0010015	T010		presumed		
17	SSA:0010016	T010B	16	presumed		
18	SSA:0010017	T010C	16	presumed		
19	SSA:0010018	T011		presumed		
20	SSA:0010019	T011A	19	presumed		
21	SSA:0010020	T012A		presumed		
22	SSA:0010021	T018		presumed		
23	SSA:0010022	T019		presumed		
24	SSA:0010023	T019B	23	presumed		
25	SSA:0010024	T019C	23	presumed		
26	SSA:0010026	T021		presumed		
27	SSA:0010025	T020		presumed		
28	SSA:0010027	T023		presumed		
29	SSA:0010033	T023D	28	presumed		
30	SSA:0010034	T023D3	29	presumed		
31	SSA:0010035	T023D4	29	presumed		
32	SSA:0010036	T023D5	29	presumed		
33	SSA:0010028	T023C	28	presumed		
34	SSA:0010029	T023C3	33	presumed		
35	SSA:0010030	T023C4	33	presumed		
36	SSA:0010031	T023C5	33	presumed		
37	SSA:0010032	T023C6	33	presumed		
38	SSA:0010037	T026		presumed		
39	SSA:0010038	T026A	38	presumed		
40	SSA:0010039	T028		presumed		
41	SSA:0010047	T028C	40	presumed		
42	SSA:0010048	T028D	40	presumed		
43	SSA:0010049	T028E	40	presumed		
44	SSA:0010040	T028A	40	presumed		
45	SSA:0010041	T028A1	44	presumed		
46	SSA:0010042	T028A2	44	presumed		
47	SSA:0010043	T028A3	44	presumed		
48	SSA:0010044	T028B	40	presumed		
49	SSA:0010045	T028B1	48	presumed		
50	SSA:0010046	T028B2	48	presumed		
51	SSA:0010050	T030		presumed		
52	SSA:0010051	T030A	51	presumed		
53	SSA:0010056	T030C	51	presumed		
54	SSA:0010052	T030B	51	presumed		
55	SSA:0010053	T030B1	54	presumed		
56	SSA:0010054	T030B2	54	presumed		
57	SSA:0010055	T030B3	54	presumed		
58	SSA:0010057	T031		presumed		
59	SSA:0010058	T034		presumed		
60	SSA:0010059	T034A	59	presumed		
61	SSA:0010060	T034A1	60	presumed		
62	SSA:0010061	T034A2	60	presumed		
63	SSA:0010062	T034B	59	presumed		
64	SSA:0010063	T035		presumed		
65	SSA:0010064	T035A	64	presumed		
66	SSA:0010065	T035A1	65	presumed		
67	SSA:0010066	T035A2	65	presumed		
68	SSA:0010067	T035A3	65	presumed		
69	SSA:0010068	T035A4	65	presumed		
70	SSA:0010069	T036		presumed		
71	SSA:0010076	T036B	70	presumed		
72	SSA:0010077	T036B1	71	presumed		
73	SSA:0010078	T036B1A	72	presumed		
74	SSA:0010079	T036B2	71	presumed		
75	SSA:0010080	T036B3	71	presumed		
76	SSA:0010081	T036B4	71	presumed		
77	SSA:0010070	T036A	70	presumed		
78	SSA:0010071	T036A1	77	presumed		
79	SSA:0010072	T036A1A	78	presumed		
80	SSA:0010073	T036A2	77	presumed		
81	SSA:0010074	T036A3	77	presumed		
82	SSA:0010075	T036A5	77	presumed		
83	SSA:0010082	T037		presumed		
84	SSA:0010089	T037B	83	presumed		
85	SSA:0010090	T037B1	84	presumed		
86	SSA:0010091	T037B2	84	presumed		
87	SSA:0010092	T037B3	84	presumed		
88	SSA:0010083	T037A	83	presumed		
89	SSA:0010084	T037A1	88	presumed		
90	SSA:0010085	T037A2	88	presumed		
91	SSA:0010086	T037A3	88	presumed		
92	SSA:0010087	T037A4	88	presumed		
93	SSA:0010088	T037A5	88	presumed		
94	SSA:0010093	T038		presumed		
95	SSA:0010098	T038B	94	presumed		
96	SSA:0010099	T038B1	95	presumed		
97	SSA:0010100	T038B2	95	presumed		
98	SSA:0010101	T038C	94	presumed		
99	SSA:0010102	T038D	94	presumed		
100	SSA:0010103	T038E	94	presumed		
101	SSA:0010104	T038F	94	presumed		
102	SSA:0010094	T038A	94	presumed		
103	SSA:0010095	T038A1	102	presumed		
104	SSA:0010096	T038A2	102	presumed		
105	SSA:0010097	T038A3	102	presumed		
106	SSA:0010105	T040		presumed		
107	SSA:0010106	T041		presumed		
108	SSA:0010107	T041A	107	presumed		
109	SSA:0010108	T041A1	108	presumed		
110	SSA:0010109	T041A2	108	presumed		
111	SSA:0010110	T041A3	108	presumed		
112	SSA:0010111	T046		presumed		
113	SSA:0010132	T046D	112	presumed		
114	SSA:0010133	T046E	112	presumed		
115	SSA:0010134	T046F	112	presumed		
116	SSA:0010368	T122		presumed		
117	SSA:0010112	T046B	112	presumed		
118	SSA:0010113	T046B1	117	presumed		
119	SSA:0010114	T046B1A	118	presumed		
120	SSA:0010115	T046B1B	118	presumed		
121	SSA:0010116	T046B1C	118	presumed		
122	SSA:0010117	T046B2	117	presumed		
123	SSA:0010118	T046B2A	122	presumed		
124	SSA:0010119	T046B2B	122	presumed		
125	SSA:0010120	T046B3	117	presumed		
126	SSA:0010121	T046B3A	125	presumed		
127	SSA:0010122	T046B4	117	presumed		
128	SSA:0010123	T046B5	117	presumed		
129	SSA:0010124	T046B6	117	presumed		
130	SSA:0010125	T046B7	117	presumed		
131	SSA:0010126	T046C	112	presumed		
132	SSA:0010127	T046C1	131	presumed		
133	SSA:0010128	T046C2	131	presumed		
134	SSA:0010129	T046C3	131	presumed		
135	SSA:0010130	T046C4	131	presumed		
136	SSA:0010131	T046C5	131	presumed		
137	SSA:0010135	T049A		presumed		
138	SSA:0010136	T049A1	137	presumed		
139	SSA:0010137	T049A2	137	presumed		
140	SSA:0010138	T049A3	137	presumed		
141	SSA:0010139	T049A4	137	presumed		
142	SSA:0010140	T049A5	137	presumed		
143	SSA:0010141	T049A6	137	presumed		
144	SSA:0010142	T049B		presumed		
145	SSA:0010143	T049B1	144	presumed		
146	SSA:0010144	T049B2	144	presumed		
147	SSA:0010145	T049B3	144	presumed		
148	SSA:0010146	T049B4	144	presumed		
149	SSA:0010147	T049B5	144	presumed		
150	SSA:0010148	T049C		presumed		
151	SSA:0010149	T050		presumed		
152	SSA:0010150	T050A	151	presumed		
153	SSA:0010151	T050B	151	presumed		
154	SSA:0010152	T050B1	153	presumed		
155	SSA:0010153	T050B2	153	presumed		
156	SSA:0010154	T050C	151	presumed		
157	SSA:0010155	T050D	151	presumed		
158	SSA:0010156	T050E	151	presumed		
159	SSA:0010157	T051		presumed		
160	SSA:0010158	T054		presumed		
161	SSA:0010159	T055		presumed		
162	SSA:0010160	T055A	161	presumed		
163	SSA:0010161	T055B	161	presumed		
164	SSA:0010162	T055B1	163	presumed		
165	SSA:0010163	T055C	161	presumed		
166	SSA:0010164	T057		presumed		
167	SSA:0010165	T057A	166	presumed		
168	SSA:0010166	T058		presumed		
169	SSA:0010167	T059		presumed		
170	SSA:0010168	T059A	169	presumed		
171	SSA:0010169	T059A1	170	presumed		
172	SSA:0010170	T059A1A	171	presumed		
173	SSA:0010171	T059A2	170	presumed		
174	SSA:0010172	T059A3	170	presumed		
175	SSA:0010173	T059A4	170	presumed		
176	SSA:0010174	T059A5	170	presumed		
177	SSA:0010175	T060		presumed		
178	SSA:0010176	T060C	177	presumed		
179	SSA:0010177	T060D	177	presumed		
180	SSA:0010178	T060E	177	presumed		
181	SSA:0010179	T060F	177	presumed		
182	SSA:0010180	T060G	177	presumed		
183	SSA:0010182	T064		presumed		
184	SSA:0010183	T064A	183	presumed		
185	SSA:0010184	T064A2	184	presumed		
186	SSA:0010185	T064A3	184	presumed		
187	SSA:0010186	T064A4	184	presumed		
188	SSA:0010187	T064A5	184	presumed		
189	SSA:0010188	T064B	183	presumed		
190	SSA:0010189	T064B1	189	presumed		
191	SSA:0010190	T064B1A	190	presumed		
192	SSA:0010191	T064B2	189	presumed		
193	SSA:0010192	T065		presumed		
194	SSA:0010181	T063		presumed		
195	SSA:0010193	T065A	193	presumed		
196	SSA:0010194	T065A2	195	presumed		
197	SSA:0010195	T065A3	195	presumed		
198	SSA:0010196	T065A4	195	presumed		
199	SSA:0010197	T065A5	195	presumed		
200	SSA:0010198	T065A6	195	presumed		
201	SSA:0010199	T065B	193	presumed		
202	SSA:0010200	T065B1	201	presumed		
203	SSA:0010201	T065B2	201	presumed		
204	SSA:0010202	T065B3	201	presumed		
205	SSA:0010203	T068		presumed		
206	SSA:0010204	T068A	205	presumed		
207	SSA:0010205	T068B	205	presumed		
208	SSA:0010206	T068B1	207	presumed		
209	SSA:0010207	T068B1A	208	presumed		
210	SSA:0010208	T068B1C	208	presumed		
211	SSA:0010209	T068B1D	208	presumed		
212	SSA:0010210	T068B2	207	presumed		
213	SSA:0010211	T068B3	207	presumed		
214	SSA:0010212	T068B4	207	presumed		
215	SSA:0010213	T068B5	207	presumed		
216	SSA:0010214	T068C	205	presumed		
217	SSA:0010215	T068C1	216	presumed		
218	SSA:0010216	T068C3	216	presumed		
219	SSA:0010217	T068C3A	218	presumed		
220	SSA:0010218	T068C4	216	presumed		
221	SSA:0010219	T068C5	216	presumed		
222	SSA:0010220	T068C6	216	presumed		
223	SSA:0010221	T069		presumed		
224	SSA:0010228	T069C	223	presumed		
225	SSA:0010234	T069E	223	presumed		
226	SSA:0010235	T069F	223	presumed		
227	SSA:0010222	T069A	223	presumed		
228	SSA:0010223	T069A2	227	presumed		
229	SSA:0010224	T069A3	227	presumed		
230	SSA:0010225	T069A4	227	presumed		
231	SSA:0010226	T069A5	227	presumed		
232	SSA:0010227	T069A6	227	presumed		
233	SSA:0010229	T069D	223	presumed		
234	SSA:0010230	T069D1	233	presumed		
235	SSA:0010231	T069D2	233	presumed		
236	SSA:0010232	T069D3	233	presumed		
237	SSA:0010233	T069D4	233	presumed		
238	SSA:0010237	T071		presumed		
239	SSA:0010238	T071A	238	presumed		
240	SSA:0010243	T071C	238	presumed		
241	SSA:0010244	T071D	238	presumed		
242	SSA:0010245	T071E	238	presumed		
243	SSA:0010239	T071B	238	presumed		
244	SSA:0010240	T071B1	243	presumed		
245	SSA:0010241	T071B2	243	presumed		
246	SSA:0010242	T071B3	243	presumed		
247	SSA:0010246	T072		presumed		
248	SSA:0010247	T073		presumed		
249	SSA:0010257	T074		presumed		
250	SSA:0010256	T073D	248	presumed		
251	SSA:0010248	T073A	248	presumed		
252	SSA:0010249	T073A1	251	presumed		
253	SSA:0010250	T073A2	251	presumed		
254	SSA:0010251	T073A3	251	presumed		
255	SSA:0010252	T073B	248	presumed		
256	SSA:0010253	T073C	248	presumed		
257	SSA:0010254	T073C1	256	presumed		
258	SSA:0010255	T073C2	256	presumed		
259	SSA:0010258	T075		presumed		
260	SSA:0010259	T075A	259	presumed		
261	SSA:0010260	T075B	259	presumed		
262	SSA:0010261	T075B1	261	presumed		
263	SSA:0010262	T075B2	261	presumed		
264	SSA:0010263	T075B3	261	presumed		
265	SSA:0010264	T075B4	261	presumed		
266	SSA:0010265	T075C	259	presumed		
267	SSA:0010266	T075C1	266	presumed		
268	SSA:0010267	T075C2	266	presumed		
269	SSA:0010268	T075C3	266	presumed		
270	SSA:0010269	T075C4	266	presumed		
271	SSA:0010270	T077		presumed		
272	SSA:0010271	T077A	271	presumed		
273	SSA:0010272	T077B	271	presumed		
274	SSA:0010273	T077C	271	presumed		
275	SSA:0010274	T077D	271	presumed		
276	SSA:0010275	T077E	271	presumed		
277	SSA:0010276	T085		presumed		
278	SSA:0010277	T085A	277	presumed		
279	SSA:0010278	T085B	277	presumed		
280	SSA:0010279	T085C	277	presumed		
281	SSA:0010280	T085D	277	presumed		
282	SSA:0010281	T086A		presumed		
283	SSA:0010282	T086A1	282	presumed		
284	SSA:0010283	T086A1A	283	presumed		
285	SSA:0010284	T086A1B	283	presumed		
286	SSA:0010285	T086A3	282	presumed		
287	SSA:0010286	T086A3A	286	presumed		
288	SSA:0010287	T086A4	282	presumed		
289	SSA:0010288	T086A5	282	presumed		
290	SSA:0010289	T087		presumed		
291	SSA:0010290	T090		presumed		
292	SSA:0010291	T090B	291	presumed		
293	SSA:0010292	T090C	291	presumed		
294	SSA:0010293	T090D	291	presumed		
295	SSA:0010294	T091		presumed		
296	SSA:0010295	T093		presumed		
297	SSA:0010296	T097		presumed		
298	SSA:0010297	T099		presumed		
299	SSA:0010298	T099A	298	presumed		
300	SSA:0010299	T099B	298	presumed		
301	SSA:0010300	T099B1	300	presumed		
302	SSA:0010301	T099C	298	presumed		
303	SSA:0010302	T099D	298	presumed		
304	SSA:0010303	T099E	298	presumed		
305	SSA:0010304	T100		presumed		
306	SSA:0010309	T100C	305	presumed		
307	SSA:0010310	T100E	305	presumed		
308	SSA:0010311	T100F	305	presumed		
309	SSA:0010305	T100B	305	presumed		
310	SSA:0010306	T100B1	309	presumed		
311	SSA:0010307	T100B2	309	presumed		
312	SSA:0010308	T100B3	309	presumed		
313	SSA:0010312	T101		presumed		
314	SSA:0010315	T102		presumed		
315	SSA:0010313	T101A	313	presumed		
316	SSA:0010314	T101B	313	presumed		
317	SSA:0010316	T103		presumed		
318	SSA:0010317	T109		presumed		
319	SSA:0010340	T109D	318	presumed		
320	SSA:0010341	T109D1	319	presumed		
321	SSA:0010342	T109D2	319	presumed		
322	SSA:0010343	T109E	318	presumed		
323	SSA:0010318	T109A	318	presumed		
324	SSA:0010324	T109A3	323	presumed		
325	SSA:0010325	T109A3A	324	presumed		
326	SSA:0010326	T109A4	323	presumed		
327	SSA:0010327	T109A5	323	presumed		
328	SSA:0010328	T109A6	323	presumed		
329	SSA:0010329	T109A7	323	presumed		
330	SSA:0010330	T109A8	323	presumed		
331	SSA:0010319	T109A2	323	presumed		
332	SSA:0010320	T109A2A	331	presumed		
333	SSA:0010321	T109A2B	331	presumed		
334	SSA:0010322	T109A2C	331	presumed		
335	SSA:0010323	T109A2D	331	presumed		
336	SSA:0010331	T109B	318	presumed		
337	SSA:0010332	T109B3	336	presumed		
338	SSA:0010333	T109B4	336	presumed		
339	SSA:0010334	T109B5	336	presumed		
340	SSA:0010335	T109B6	336	presumed		
341	SSA:0010336	T109C	318	presumed		
342	SSA:0010337	T109C1	341	presumed		
343	SSA:0010338	T109C2	341	presumed		
344	SSA:0010339	T109C3	341	presumed		
345	SSA:0010351	T112		presumed		
346	SSA:0010353	T114		presumed		
347	SSA:0010344	T111		presumed		
348	SSA:0010345	T111A	347	presumed		
349	SSA:0010346	T111A1	348	presumed		
350	SSA:0010347	T111B	347	presumed		
351	SSA:0010348	T111B2	350	presumed		
352	SSA:0010349	T111B3	350	presumed		
353	SSA:0010350	T111C	347	presumed		
354	SSA:0010354	T115		presumed		
355	SSA:0010352	T113		presumed		
356	SSA:0010355	T116		presumed		
357	SSA:0010356	T116A	356	presumed		
358	SSA:0010357	T116B	356	presumed		
359	SSA:0010358	T117		presumed		
360	SSA:0010363	T120		presumed		
361	SSA:0010359	T117A	359	presumed		
362	SSA:0010360	T117B	359	presumed		
363	SSA:0010361	T117B1	362	presumed		
364	SSA:0010362	T118		presumed		
365	SSA:0010236	T070		presumed		
366	SSA:0010364	T121A		presumed		
367	SSA:0010365	T121A1	366	presumed		
368	SSA:0010366	T121A2	366	presumed		
369	SSA:0010367	T121A3	366	presumed		
370	SSA:0010369	T123		presumed		
371	SSA:0010370	T123A	370	presumed		
372	SSA:0010371	T123C	370	presumed		
373	SSA:0010372	T123D	370	presumed		
374	SSA:0010373	T124		presumed		
375	SSA:0010386	T124C	374	presumed		
376	SSA:0010374	T124A	374	presumed		
377	SSA:0010380	T124A3	376	presumed		
378	SSA:0010381	T124A3A	377	presumed		
379	SSA:0010382	T124A4	376	presumed		
380	SSA:0010383	T124A4A	379	presumed		
381	SSA:0010384	T124A6	376	presumed		
382	SSA:0010385	T124A7	376	presumed		
383	SSA:0010375	T124A1	376	presumed		
384	SSA:0010376	T124A1A	383	presumed		
385	SSA:0010377	T124A2	376	presumed		
386	SSA:0010378	T124A2A	385	presumed		
387	SSA:0010379	T124A2B	385	presumed		
388	SSA:0010387	T124D	374	presumed		
389	SSA:0010388	T124D1	388	presumed		
390	SSA:0010389	T124D2	388	presumed		
391	SSA:0010390	T124D3	388	presumed		
392	SSA:0010391	T124D4	388	presumed		
393	SSA:0010392	T124E	374	presumed		
394	SSA:0010393	T125		presumed		
395	SSA:0010395	T127		presumed		
396	SSA:0010396	T128		presumed		
397	SSA:0010394	T125A	394	presumed		
398	SSA:0010399	T131		presumed		
399	SSA:0010397	T129		presumed		
400	SSA:0010398	T130		presumed		
401	SSA:0010400	T132		presumed		
402	SSA:0010401	T133		presumed		
403	SSA:0010402	T134		presumed		
404	SSA:0010403	T135		presumed		
405	SSA:0010404	T137		presumed		
406	SSA:0010405	T137A	405	presumed		
407	SSA:0010406	T137B	405	presumed		
408	SSA:0010407	T137D	405	presumed		
409	SSA:0010408	T139		presumed		
410	SSA:0010412	T141		presumed		
411	SSA:0010413	T141A	410	presumed		
412	SSA:0010414	T141B	410	presumed		
413	SSA:0010415	T141C	410	presumed		
414	SSA:0010409	T140		presumed		
415	SSA:0010410	T140B	414	presumed		
416	SSA:0010411	T140C	414	presumed		
417	SSA:0010417	T143		presumed		
418	SSA:0010416	T142		presumed		
419	SSA:0010418	T146		presumed		
420	SSA:0010419	T146A	419	presumed		
421	SSA:0010420	T146A1	420	presumed		
422	SSA:0010421	T146A2	420	presumed		
423	SSA:0010422	T146B	419	presumed		
424	SSA:0010423	T146C	419	presumed		
425	SSA:0010424	T146C1	424	presumed		
426	SSA:0010425	T146D	419	presumed		
427	SSA:0010426	T146E	419	presumed		
428	SSA:0010427	T147		presumed		
429	SSA:0010428	T148		presumed		
430	SSA:0010429	T149		presumed		
431	SSA:0010431	T151		presumed		
432	SSA:0010430	T150		presumed		
433	SSA:0010432	T151A	431	presumed		
434	SSA:0010433	T151A1	433	presumed		
435	SSA:0010434	T151B	431	presumed		
436	SSA:0010435	T151C	431	presumed		
437	SSA:0010436	T151D	431	presumed		
438	SSA:0010437	T152		presumed		
439	SSA:0010438	T152A	438	presumed		
440	SSA:0010439	T152B	438	presumed		
441	SSA:0010440	T152C	438	presumed		
442	SSA:0010441	T157		presumed		
443	SSA:0010442	T160		presumed		
444	SSA:0010443	T161		presumed		
445	SSA:0010444	T162		presumed		
446	SSA:0010446	T166		presumed		
447	SSA:0010445	T165		presumed		
448	SSA:0010447	T166A	446	presumed		
449	SSA:0010448	T166A1	448	presumed		
450	SSA:0010449	T167		presumed		
451	SSA:0010450	T167A	450	presumed		
452	SSA:0010451	T167B	450	presumed		
453	SSA:0010452	T167C	450	presumed		
454	SSA:0010453	T168A		presumed		
455	SSA:0010454	T168A1	454	presumed		
456	SSA:0010455	T168A2	454	presumed		
457	SSA:0010456	T169		presumed		
458	SSA:0010457	T170		presumed		
459	SSA:0010458	T171		presumed		
460	SSA:0010459	T172		presumed		
461	SSA:0010460	T173		presumed		
462	SSA:0010468	T175		presumed		
463	SSA:0010461	T174		presumed		
464	SSA:0010462	T174A	463	presumed		
465	SSA:0010463	T174A1	464	presumed		
466	SSA:0010464	T174A2	464	presumed		
467	SSA:0010465	T174B	463	presumed		
468	SSA:0010466	T174B1	467	presumed		
469	SSA:0010467	T174C	463	presumed		
470	SSA:0010469	T176		presumed		
471	SSA:0010470	T176A	470	presumed		
472	SSA:0010471	T176B	470	presumed		
473	SSA:0010472	T177		presumed		
474	SSA:0010473	T178		presumed		
475	SSA:0010474	T179		presumed		
476	SSA:0010475	T179A	475	presumed		
477	SSA:0010476	T179B	475	presumed		
478	SSA:0010477	T180		presumed		
479	SSA:0010478	T181		presumed		
480	SSA:0010479	T181A	479	presumed		
481	SSA:0010480	T182		presumed		
482	SSA:0010481	T183		presumed		
483	SSA:0010482	T183A	482	presumed		
484	SSA:0010483	T184		presumed		
485	SSA:0010484	T185		presumed		
486	SSA:0010486	T186		presumed		
487	SSA:0010487	T187		presumed		
488	SSA:0010485	T185A	485	presumed		
489	SSA:0010488	T188		presumed		
490	SSA:0010489	T188A	489	presumed		
491	SSA:0010490	T196		presumed		
492	SSA:0010491	T197		presumed		
493	SSA:0010492	T199		presumed		
494	SSA:0010493	T199A	493	presumed		
495	SSA:0010494	T199B	493	presumed		
496	SSA:0010495	T199C	493	presumed		
497	SSA:0010496	T221B		presumed		
498	SSA:0010497	T223		presumed		
499	SSA:0010498	T224		presumed		
500	SSA:0010499	T224A	499	presumed		
501	SSA:0010500	T224B	499	presumed		
502	SSA:0010501	T225		presumed		
503	SSA:0010502	T227		presumed		
504	SSA:0010507	T252		presumed		
505	SSA:0010506	T251		presumed		
506	SSA:0010503	T250		presumed		
507	SSA:0010504	T250C	506	presumed		
508	SSA:0010505	T250D	506	presumed		
509	SSA:0010508	T253		presumed		
510	SSA:0010509	T253A	509	presumed		
