id	individual_id	social_group_id	name	status	namer_id	named_year	theme
1	373		D'Arcy	official	1		
2	372		Lucky	official	1		
3	371		Stanley	official	1		
4	370		Sidney	official	1		
5	25		Spouter	official	1		
6	24		Galiano	official	1		
7	18		Bones	official	1		
8	17		Siwash	official	1		
9	16		Langara	official	1		
10	6		Kano	official	1		
11	5		Lucy	official	1		
12	4		Tumbo	official	1		
13	3		Rocky	official	1		
14	2		Tasu	official	1		
15	1		Pedder	official	1		
16	490		Craig	official	2		
17	489		Dorothy	official	2		
18	484		Biorka	official	2		
19	483		Oceania	official	2		
20	482		Spencer	official	2		
21	481		Alexandra	official	2		
22	480		Tasman	official	2		
23	479		Pacific	official	2		
24	478		Cecil	official	2		
25	476		Islet	official	2		
26	475		Kimshan	official	2		
27	474		Heavy Rain	official	2		
28	473		Chubby Rain	official	2		
29	467		Jitterbug John	official	2		
30	464		Solita	official	2		
31	463		Dixon	official	2		
32	457		Chacon	official	2		
33	454		Bean	official	2		
34	452		Valcroze	provisional	2		
35	451		Doniol	provisional	2		
36	450		Walpole	provisional	2		
37	448		Gusty	provisional	2		
38	447		Thatcher	provisional	2		
39	446		Hobart	provisional	2		
40	445		Sitka	official	2		
41	435		Pelagia	official	2		
42	433		Batalla	official	2		
43	432		Mardy	official	2		
44	431		Capricho	official	2		
45	427		Basho	official	2		
46	426		Leah	provisional	2		
47	424		Svaha!	official	2		
48	423		Chiloe	official	2		
49	420		Oma	official	2		
50	419		Oamaru	official	2		
51	418		Ty	official	2		
52	418		Tyeen	official	2		
53	417		Ian	official	2		
54	408		Wright	official	2		
55	407		Tempest	official	2		
56	406		Barb	official	2		
57	405		Loon	official	2		
58	404		Dawn	official	2		
59	403		Jan	official	2		
60	402		Finn	official	2		
61	401		Scott	official	2		
62	393		Murk	official	2		
63	390		Seretse	official	2		
64	389		Salish II	official	2		
65	388		Field	official	2		
66	387		Litton	official	2		
67	386		Agafia	official	2		
68	385		Elkugu	official	2		
69	383		Bonapartes	official	2		
70	381		Kasuun	official	2		
71	379		Sabio	official	2		
72	378		Alethia	provisional	2		
73	377		Wasini	official	2		
74	376		Kittiwake	official	2		
75	375		Cooper	official	2		
76	374		Myrtle (Fertile Myrtle)	official	2		
77	358		Garforth	official	2		
78	357		Sturgess	official	2		
79	356		Sandy	official	2		
80	341		Boca	official	2		
81	336		Sem	official	2		
82	331		Fuser	official	2		
83	326		Garrett	official	2		
84	324		Spong	official	2		
85	323		Frio	official	2		
86	322		Yoda	official	2		
87	320		Tazzie	official	2		
88	319		Eivin	official	2		
89	318		Noyes	official	2		
90	317		Stephens	official	2		
91	316		Lagoon	official	2		
92	315		Rush	official	2		
93	314		Beardslee	official	2		
94	313		Reef	official	2		
95	311		Potnia	official	2		
96	309		Freya	official	2		
97	308		Estrella	provisional	2		
98	307		Tharaya	official	2		
99	306		Laurel	official	2		
100	305		Hutchins	official	2		
101	302		Barakat	official	2		
102	300		Holly	official	2		
103	299		Kirk	official	2		
104	298		Bella	official	2		
105	297		Gull	official	2		
106	296		Joanna	official	2		
107	295		Sebree	official	2		
108	294		Kanga	official	2		
109	293		Tigger	official	2		
110	292		Piglet	official	2		
111	291		Eagle	official	2		
112	290		Harbeson	official	2		
113	288		Akia	official	2		
114	286		Tyndall	official	2		
115	283		Nahanni	official	2		
116	282		Eider	official	2		
117	281		Farenorth	official	2		
118	281		*Findlay Farenorth	provisional	2		
119	280		Jasmine	official	2		
120	279		Alison	official	2		
121	279		Ali	official	2		
122	278		Zoe	official	2		
123	277		Eve	official	2		
124	276		Misneach	official	2		
125	275		Alcyon	official	2		
126	274		Neftali	official	2		
127	273		The Chuch	official	2		
128	272		Eva	official	2		
129	271		Asja	official	2		
130	268		Gavin	provisional	2		
131	267		Carlos	provisional	2		
132	266		Bam-Bam	official	2		
133	264		Kasnikyu	provisional	2		
134	263		Fifi	official	2		
135	262		Scars	official	2		
136	261		Pebbles	official	2		
137	260		Stone	official	2		
138	259		Kidney	official	2		
139	257		Guba	official	2		
140	256		Vicky	official	2		
141	255		Blur	official	2		
142	254		Jessica	provisional	2		
143	253		Trites	official	2		
144	252		Paws	official	2		
145	251		Greg	official	2		
146	250		Steve	provisional	2		
147	249		Andy Bigg	official	2		
148	248		Doris	official	2		
149	247		Young	official	2		
150	245		Tasli	official	2		
151	244		Zengo	official	2		
152	243		Hood	official	2		
153	242		Sutton	official	2		
154	241		Heise	official	2		
155	240		Jared	provisional	2		
156	239		Hopkins	official	2		
157	238		Bonkers	official	2		
158	220		Rich	provisional	2		
159	218		Jacobsen	provisional	2		
160	217		Sila	official	2		
161	216		Bazan	official	2		
162	215		Venture	provisional	2		
163	214		Chiak	official	2		
164	213		Wilder	official	2		
165	212		Quartz	official	2		
166	209		Fern	provisional	2		
167	208		Obsidian	official	2		
168	207		Phylly	official	2		
169	206		Ken	official	2		
170	205		Yakataga	official	2		
171	203		Nettle	official	2		
172	202		Birdsall	official	2		
173	201		Chunk	official	2		
174	200		Butterbean	provisional	2		
175	199		Elsie	official	2		
176	198		Ellifrit	official	2		
177	196		Ooxjaa	official	2		
178	195		Fingers	official	2		
179	194		Zorro	official	2		
180	193		Whidbey II	official	2		
181	192		Pelosi	provisional	2		
182	190		Peaches	provisional	2		
183	189		Amabilidad	official	2		
184	187		Nova	provisional	2		
185	186		Sparrow	official	2		
186	186		Sparrow Rose	provisional	2		
187	185		Tonsai	official	2		
188	184		Minke	official	2		
189	183		Keku	official	2		
190	159		Loner	official	2		
191	158		Grandmama	provisional	2		
192	157		Lyrical	provisional	2		
193	156		Passage	official	2		
194	154		Blakeslee	official	2		
195	153		Sita	official	2		
196	152		Bolder	official	2		
197	151		Boulder	official	2		
198	150		Neilson	official	2		
199	150		Janet	official	2		
200	147		CharChar	official	2		
201	146		Skyler	official	2		
202	145		Voyageur	official	2		
203	144		Van	official	2		
204	140		Nat	official	2		
205	139		Judy	official	2		
206	139		Jude	official	2		
207	138		Noah	official	2		
208	137		Nan	official	2		
209	109		Palm	official	2		
210	108		Jemison	official	2		
211	107		Lawrie	official	2		
212	102		Dana	official	2		
213	100		Hocker	provisional	2		
214	99		Falconer	official	2		
215	98		Borrowman	official	2		
216	96		Cook	provisional	2		
217	95		Jane	official	2		
218	94		Graeme	provisional	2		
219	90		Inky	official	2		
220	89		Inyo	official	2		
221	88		Volker	official	2		
222	85		Lance	official	2		
223	84		Harald	official	2		
224	83		Pizza Fin	official	2		
225	83		Rocky III	official	2		
226	81		Mike III	official	2		
227	80		Kailas	official	2		
228	78		Tierna	official	2		
229	77		Leland	official	2		
230	74		Greenfelder	official	2		
231	72		Bhotia	official	2		
232	71		Tattertip	official	2		
233	70		Flapjack	official	2		
234	66		Opal	official	2		
235	65		Pearl	official	2		
236	64		Ruby Roo	official	2		
237	60		Pachamama	official	2		
238	59		Grace	official	2		
239	58		Drake	official	2		
240	48		Lydonia	official	2		
241	44		Slocum	official	2		
242	42		Gwaii	official	2		
243	41		Lluvia	official	2		
244	40		Khaz	official	2		
245	35		Bunzie	official	2		
246	34		Durban	official	2		
247	33		Freshwater	official	2		
248	30		Robin	official	2		
249	29		Brighty	official	2		
250	28		Warmsprings	official	2		
251	24		Kosatka	official	2		
252	5		Helena	official	2		
253	4		Barabbas	official	2		
254	21		Nitinat	official	3		
255	20		Rainy	official	3		
256	19		Wakana	official	3		
257	11		Spiller	official	3		
258	10		Arrow	official	3		
259	9		Innis	official	3		
260	255		Kwénis	official	4		
261	179		Onca	official	4		
262	135		Hobi	official	4		
263	122		Akela	official	4		
264	14		Domino	official	4		
265	12		Knox	official	4		
266	199		Indy	official	6		
267	118		Tread	official	6		
268	13		Moonraker	official	6		
269	15		Spectre	official	7		
270	367		Fortune	official	9		
271	323		Runaway	official	9		
272	318		Big Momma	official	9		
273	110		Tree	official	9		
274	58		Yankee One	official	9		
275	33		Cindy	official	9		
276	29		Axle	official	9		
277	28		Janice	official	9		
278	23		Nootka	official	9		
279	23		Mooyah	official	9		
280	22		Esperanza	official	9		
281	18		Bubba	official	9		
282	27		Kwatsi	official	10		
283	26		Pandora	official	10		
284	180		Lynx	official	11		
285	178		Yelnats	official	11		
286	31		Sixx	official	11		
287	32		Wildside	official	12		
288	37		Cascade	official	13		
289	460		Katmai	official	14		
290	335		Cordova	official	14		
291	334		Keeha	official	14		
292	333		Macoah	official	14		
293	332		Seekah	official	14		
294	327		Argyle	official	14		
295	228		Hartley	official	14		
296	134		Razor	official	14		
297	131		Carmanah	official	14		
298	119		Tsakani	official	14		
299	117		Raksha	official	14		
300	68		Garnet	official	14		
301	67		Topaz	official	14		
302	38		Saoirse	official	14		
303	39		Ursula	official	16		
304	177		Panthera	official	17		
305	81		Storm	official	17		
306	51		Elwha	official	17		
307	330		Weiss	official	18		
308	132		Tsunami	official	18		
309	129		Sol	official	18		
310	116		Centeki	official	18		
311	93		Jib	official	18		
312	87		Slice	official	18		
313	86		Trident	official	18		
314	53		Salix	official	18		
315	52		Sequoia	official	18		
316	125		Sedna	official	19		
317	56		Capella	official	19		
318	55		Vega	official	19		
319	54		Lyra	official	19		
320	380		Strix	official	20		
321	82		Squall	official	20		
322	63		Sonder	official	20		
323	62		Amaru	official	20		
324	57		Vesper	official	20		
325	458		Capilano	official	21		
326	69		Agate	official	21		
327	65		Lester	official	21		
328	121		Tide	official	22		
329	73		Maple	official	22		
330	75		Chip	official	23		
331	76		Auk	official	24		
332	289		Siku	official	25		
333	269		Flint	official	25		
334	79		Drift	official	25		
335	378		Spindrift	official	26		
336	159		Roswell	official	26		
337	142		Nebula	official	26		
338	127		Quiver	official	26		
339	114		Thor	official	26		
340	112		Wake	official	26		
341	91		Spinnaker	official	26		
342	92		Crinkle	official	27		
343	115		Loki	official	28		
344	113		Strider	official	28		
345	406		Jack	official	29		
346	120		Tl'uk	official	29		
347	124		Takaya	official	30		
348	126		Munro	official	31		
349	130		Tala	official	32		
350	133		Sam	official	33		
351	310		Seidr	official	34		
352	203		Corvus	official	34		
353	141		Neptune	official	34		
354	143		Charlie II	official	35		
355	160		Seaforth	official	36		
356	181		Tigris	official	37		
357	287		Tenakee	official	38		
358	231		Kismet	official	38		
359	182		Uncia	official	38		
360	194		Chainsaw	official	39		
361	195		Artemis	official	40		
362	197		Amir	official	41		
363	197		Amira	official	41		
364	200		Callisto	official	42		
365	204		Rook	official	43		
366	214		Penumbra	official	44		
367	227		Kitimat	official	45		
368	226		Kin	official	45		
369	225		Kodiak	official	45		
370	224		Kye	official	45		
371	223		Komox	official	45		
372	230		Našuk	official	46		
373	229		Kʷiisahii	official	46		
374	254		Champ	official	47		
375	253		Ogopogo	official	47		
376	252		Caddy	official	47		
377	251		Nessie	official	47		
378	263		Jasper	official	48		
379	264		Rubble	official	49		
380	265		Petra	official	50		
381	270		Slate	official	51		
382	272		Saulitis	official	52		
383	285		Denali	official	53		
384	303		Puck	official	54		
385	304		Qwiin qwiin oo qwii la	official	55		
386	312		Selkie	official	56		
387	325		Kʷiisaḥiʔis	official	57		
388	328		Riley	official	58		
389	329		Wieland	official	59		
390	392		Dune	official	60		
391	382		Kite	official	60		
392	384		Sabine	official	61		
393	391		Lupine	official	62		
394	397		Jetsam	official	63		
395	396		Flotsam	official	63		
396	106		Captian Hook	official			
397	36		Grym	official			
398		62	Runaway's	official			
399		57	Gretzky's	official			
400		44	Sea Monster Family	official			
401		25	Ted's Gang	official			
402		13	Motley Crew	official			Mötley Crüe
403		4	Secret Agents	official			James Bond
