id	name	kind	url
1	VanAqua	organization	
2	Dena Matkin	researcher	
3	DFO	agency	
4	Nicky Smiley	researcher	
5	Transient/Bigg's Orca Nick Naming Page	community_project	
6	Andy Scheffler	researcher	
7	Faith Jayaram & Taylor Redmond		
8	Transient/Bigg's Orca Nicknaming Page	community_project	
9	SIMRS	organization	
10	VanAqua (?)		
11	Tomislav Flip	researcher	
12	(Transient/Bigg's Orca Nick Naming Page)	community_project	
13	Bonnie Gretz	researcher	
14	Brendon Bissonnette	researcher	
15	Transient/Bigg's Orca Nick Naming page	community_project	
16	Justine Buckmaster	researcher	
17	Talia Goodyear	researcher	
18	Monika Wieland Shields	researcher	
19	Whitley Mike	researcher	
20	Amanda Marie Colbert	researcher	
21	Sara Hysong-Shimazu	researcher	
22	Lauren Tschirhart	researcher	
23	Leah Vanderwiel	researcher	
24	Julie Massa & Amanda Marie Colbert		
25	Elizabeth Zwamborn	researcher	
26	Ashley Keegan	researcher	
27	Selena Rhodes Scofield	researcher	
28	Ryleigh Whitfield	researcher	
29	Jilann Campbell	researcher	
30	Vanessa Pirtle Franz	researcher	
31	Community Choice	community_project	
32	Elizabeth Zwamborn & Amanda Marie Colbert		
33	Dr. John Ford and Graeme Ellis		
34	Monika Wieland Sheilds	researcher	
35	April Ryan & Sara Hysong-Shimazu		
36	Jared Towers	researcher	
37	April Ryan and Nicky Smiley		
38	Ellie Sawyer	researcher	
39	?		
40	Traci Walter	researcher	
41	Transient		
42	April Ryan	researcher	
43	Vanessa Franz, Julie Massa, Elizabeth Zwamborn		
44	Ellie Sawyer (Transient/Bigg's Nick Naming Page	community_project	
45	Ella Smiley	researcher	
46	Andrew McCurdy and Ali Ca		
47	Orca Behavior Institute	organization	
48	Sarah McCullagh	researcher	
49	Ang Nicholson	researcher	
50	Kelly Dawson & Padmini Harchandrai		
51	Elizabeth Zwamborn & Monika Wieland Shields		
52	TransientBigg's Nick Naming Page	community_project	
53	Ryatt Moore	researcher	
54	Gary Sutton	researcher	
55	named by the Tulalip Tribe -Ray Fryberg's wife Sheryl Nuchanulth	first_nation	
56	Julie Massa	researcher	
57	received name from the Ehattesaht Nation.	first_nation	
58	Marcie Callewaert John	researcher	
59	Rebecca Berger	researcher	
60	Yifan Ling	researcher	
61	Sara Hysong-Shimazu & Donna Green Van Renselaar		
62	Kelly Dawson	researcher	
63	Pascale Campagna-Slater	researcher	
