id	kind	designation	entity_id	anchor_individual_id	notes
1	ecotype	Biggs	SSA:0000002		Bigg's (transient) killer whales
4	matriline	T007	SSA:0002001	9	
5	matriline	T010	SSA:0002002	16	
6	matriline	T011	SSA:0002003	19	
9	matriline	T019	SSA:0002006	23	
13	matriline	T023	SSA:0002009	28	
14	matriline	T026	SSA:0002010	38	
15	matriline	T028	SSA:0002011	40	
16	matriline	T030	SSA:0002012	51	
18	matriline	T034	SSA:0002014	59	
19	matriline	T035	SSA:0002015	64	
20	matriline	T036	SSA:0002016	70	
21	matriline	T037	SSA:0002017	83	
22	matriline	T038	SSA:0002018	94	
25	matriline	T041	SSA:0002020	107	
26	matriline	T046	SSA:0002021	112	
29	matriline	T050	SSA:0002023	151	
32	matriline	T055	SSA:0002026	161	
33	matriline	T057	SSA:0002027	166	
35	matriline	T059	SSA:0002029	169	
36	matriline	T060	SSA:0002030	177	
37	matriline	T064	SSA:0002032	183	
38	matriline	T065	SSA:0002033	193	
40	matriline	T068	SSA:0002034	205	
41	matriline	T069	SSA:0002035	223	
42	matriline	T071	SSA:0002037	238	
44	matriline	T073	SSA:0002039	248	
47	matriline	T075	SSA:0002041	259	
48	matriline	T077	SSA:0002042	271	
49	matriline	T085	SSA:0002043	277	
52	matriline	T090	SSA:0000040	291	
57	matriline	T099	SSA:0002049	298	
58	matriline	T100	SSA:0002050	305	
59	matriline	T101	SSA:0002051	313	
62	matriline	T109	SSA:0002054	318	
66	matriline	T111	SSA:0002055	347	
69	matriline	T116	SSA:0002060	356	
70	matriline	T117	SSA:0002061	359	
75	matriline	T123	SSA:0002066	370	
76	matriline	T124	SSA:0002067	374	
77	matriline	T125	SSA:0002068	394	
87	matriline	T137	SSA:0002078	405	
89	matriline	T141	SSA:0002081	410	
90	matriline	T140	SSA:0002080	414	
93	matriline	T146	SSA:0002084	419	
97	matriline	T151	SSA:0002089	431	
99	matriline	T152	SSA:0002090	438	
104	matriline	T166	SSA:0002096	446	
106	matriline	T167	SSA:0002097	450	
114	matriline	T174	SSA:0002104	463	
115	matriline	T176	SSA:0002106	470	
118	matriline	T179	SSA:0002109	475	
120	matriline	T181	SSA:0002111	479	
122	matriline	T183	SSA:0002113	482	
124	matriline	T185	SSA:0002115	485	
127	matriline	T188	SSA:0002118	489	
130	matriline	T199	SSA:0002121	493	
133	matriline	T224	SSA:0002124	499	
138	matriline	T250	SSA:0002127	506	
139	matriline	T253	SSA:0002130	509	
140	matriline	T073A	SSA:0002172	251	
141	matriline	T109C	SSA:0002185	341	
142	matriline	T064B1	SSA:0002162	190	
143	matriline	T038B	SSA:0002147	95	
144	matriline	T174A	SSA:0002202	464	
146	matriline	T146A	SSA:0002197	420	
148	matriline	T068C	SSA:0002167	216	
149	matriline	T068B1	SSA:0002166	208	
150	matriline	T037B	SSA:0002145	84	
151	matriline	T041A	SSA:0002148	108	
152	matriline	T111A	SSA:0002187	348	
155	matriline	T099B	SSA:0002179	300	
156	matriline	T124A4	SSA:0002195	379	
157	matriline	T037A	SSA:0002144	88	
158	matriline	T034A	SSA:0002138	60	
159	matriline	T086A3	SSA:0002178	286	
164	matriline	T117B	SSA:0002189	362	
165	matriline	T174B	SSA:0002203	467	
168	matriline	T023C	SSA:0002133	33	
170	matriline	T036A1	SSA:0002141	78	
171	matriline	T046B1	SSA:0002150	118	
175	matriline	T065B	SSA:0002164	201	
176	matriline	T124A1	SSA:0002192	383	
177	matriline	T046B	SSA:0002149	117	
178	matriline	T069A	SSA:0002169	227	
180	matriline	T055B	SSA:0002157	163	
181	matriline	T068B	SSA:0002165	207	
188	matriline	T109A	SSA:0002181	323	
191	matriline	T086A1	SSA:0002177	283	
192	matriline	T035A	SSA:0002139	65	
194	matriline	T049A	SSA:0002154	137	
197	matriline	T124A	SSA:0002191	376	
198	matriline	T100B	SSA:0002180	309	
202	matriline	T038A	SSA:0002146	102	
203	matriline	T049B	SSA:0002155	144	
205	matriline	T109B	SSA:0002184	336	
208	matriline	T111B	SSA:0002188	350	
209	matriline	T086A	SSA:0002176	282	
210	matriline	T050B	SSA:0002156	153	
211	matriline	T064A	SSA:0002160	184	
212	matriline	T036B1	SSA:0002143	72	
217	matriline	T036A	SSA:0002140	77	
220	matriline	T030B	SSA:0002137	54	
224	matriline	T109A3	SSA:0002183	324	
225	matriline	T069D	SSA:0002170	233	
226	matriline	T075B	SSA:0002174	261	
229	matriline	T068C3	SSA:0002168	218	
231	matriline	T071B	SSA:0002171	243	
234	matriline	T109D	SSA:0002186	319	
236	matriline	T046B3	SSA:0002152	125	
238	matriline	T073C	SSA:0002173	256	
239	matriline	T059A1	SSA:0002159	171	
241	matriline	T166A	SSA:0002200	448	
242	matriline	T023D	SSA:0002134	29	
243	matriline	T151A	SSA:0002199	433	
244	matriline	T168A	SSA:0002201	454	
245	matriline	T121A	SSA:0002190	366	
246	matriline	T036B	SSA:0002142	71	
249	matriline	T109A2	SSA:0002182	331	
250	matriline	T007B	SSA:0002132	11	
251	matriline	T146C	SSA:0002198	424	
252	matriline	T064B	SSA:0002161	189	
253	matriline	T028A	SSA:0002135	44	
254	matriline	T124D	SSA:0002196	388	
256	matriline	T065A	SSA:0002163	195	
257	matriline	T124A3	SSA:0002194	377	
259	matriline	T002C	SSA:0002131	2	
262	matriline	T075C	SSA:0002175	266	
263	matriline	T046B2	SSA:0002151	122	
264	matriline	T028B	SSA:0002136	48	
267	matriline	T059A	SSA:0002158	170	
269	matriline	T124A2	SSA:0002193	385	
271	matriline	T046C	SSA:0002153	131	
