occurrence_id,code,individual_id,social_group_id,observed_at,location_lon,location_lat
00000000-0000-4000-a000-000000000002,T137s,,168,2026-09-18 20:15:00+00,-123.15,48.52
00000000-0000-4000-a000-000000000002,T65A,495,,2026-09-18 20:15:00+00,-123.15,48.52
inaturalist:9000001,T137A,706,,2026-09-14 18:30:00+00,-122.95,48.45
inaturalist:9000001,T137B,707,,2026-09-14 18:30:00+00,-122.95,48.45
maplify:11,T137A,706,,2026-09-10 17:20:00+00,-123.05,48.55
maplify:11,T65A,495,,2026-09-10 17:20:00+00,-123.05,48.55
maplify:11,T65A2,496,,2026-09-10 17:20:00+00,-123.05,48.55
maplify:13,J35,,,2026-09-12 21:45:00+00,-123.2,48.5
maplify:13,J47,,,2026-09-12 21:45:00+00,-123.2,48.5
