id,parent_id,scientific_name,vernacular_name,rank,current_taxon_id
1,48460,Animalia,Animals,kingdom,
2,1,Chordata,Chordates,phylum,
40151,355675,Mammalia,Mammals,class,
41479,1317261,Delphinidae,Oceanic Dolphins,family,
41520,41479,Orcinus,,genus,
41521,41520,Orcinus orca,Orca,species,
41546,424321,Balaenopteridae,Rorquals,family,
41565,41546,Megaptera,Humpback Whales,genus,
41566,41565,Megaptera novaeangliae,Humpback Whale,species,
41573,848324,Carnivora,Carnivorans,order,
41687,372843,Phocidae,Earless Seals,family,
41707,41687,Phoca,common seals,genus,
41708,41707,Phoca vitulina,Harbor Seal,species,
48460,,Life,life,stateofmatter,
152870,848324,Artiodactyla,Even-toed Ungulates and Cetaceans,order,
152871,925158,Cetacea,Cetaceans,infraorder,
355675,2,Vertebrata,Vertebrates,subphylum,
372843,41573,Phocoidea,Pinnipeds,superfamily,
424321,152871,Mysticeti,Baleen Whales,parvorder,
424322,152871,Odontoceti,Toothed Whales,parvorder,
848317,40151,Theria,Therians,subclass,
848320,848317,Placentalia,Placental Mammals,infraclass,
848324,848320,Laurasiatheria,"Ungulates, Carnivorans, and Allies",superorder,
925158,152870,Whippomorpha,Cetaceans and Hippopotamuses,suborder,
1317261,424322,Delphinoidea,Oceanic Dolphins and Porpoises,superfamily,
1602531,41521,Orcinus orca ater,Resident Killer Whale,subspecies,
1602533,41521,Orcinus orca rectipinnus,Bigg's Killer Whale,subspecies,
