entity_id,ancestor_id,depth,ancestor_kind
SSA:0000002,SSA:0000900,1,taxon
SSA:0000003,SSA:0000900,1,taxon
SSA:0000010,SSA:0000003,1,group
SSA:0000010,SSA:0000900,2,taxon
SSA:0000011,SSA:0000003,2,group
SSA:0000011,SSA:0000010,1,group
SSA:0000011,SSA:0000900,3,taxon
SSA:0000020,SSA:0000003,3,group
SSA:0000020,SSA:0000010,2,group
SSA:0000020,SSA:0000011,1,group
SSA:0000020,SSA:0000900,4,taxon
SSA:0000030,SSA:0000003,5,group
SSA:0000030,SSA:0000010,4,group
SSA:0000030,SSA:0000011,3,group
SSA:0000030,SSA:0000020,2,group
SSA:0000030,SSA:0000900,6,taxon
SSA:0000030,SSA:0003001,1,group
SSA:0000101,SSA:0000003,7,group
SSA:0000101,SSA:0000010,6,group
SSA:0000101,SSA:0000011,5,group
SSA:0000101,SSA:0000020,4,group
SSA:0000101,SSA:0000030,2,group
SSA:0000101,SSA:0000900,8,taxon
SSA:0000101,SSA:0003001,3,group
SSA:0000101,SSA:0003012,1,group
SSA:0002033,SSA:0000002,1,group
SSA:0002033,SSA:0000900,2,taxon
SSA:0002078,SSA:0000002,1,group
SSA:0002078,SSA:0000900,2,taxon
SSA:0002163,SSA:0000002,2,group
SSA:0002163,SSA:0000900,3,taxon
SSA:0002163,SSA:0002033,1,group
SSA:0003001,SSA:0000003,4,group
SSA:0003001,SSA:0000010,3,group
SSA:0003001,SSA:0000011,2,group
SSA:0003001,SSA:0000020,1,group
SSA:0003001,SSA:0000900,5,taxon
SSA:0003012,SSA:0000003,6,group
SSA:0003012,SSA:0000010,5,group
SSA:0003012,SSA:0000011,4,group
SSA:0003012,SSA:0000020,3,group
SSA:0003012,SSA:0000030,1,group
SSA:0003012,SSA:0000900,7,taxon
SSA:0003012,SSA:0003001,2,group
SSA:0010192,SSA:0000002,2,group
SSA:0010192,SSA:0000900,3,taxon
SSA:0010192,SSA:0002033,1,group
SSA:0010193,SSA:0000002,2,group
SSA:0010193,SSA:0000900,3,taxon
SSA:0010193,SSA:0002033,1,group
SSA:0010193,SSA:0002163,1,group
SSA:0010194,SSA:0000002,2,group
SSA:0010194,SSA:0000900,3,taxon
SSA:0010194,SSA:0002033,1,group
SSA:0010194,SSA:0002163,1,group
SSA:0010195,SSA:0000002,2,group
SSA:0010195,SSA:0000900,3,taxon
SSA:0010195,SSA:0002033,1,group
SSA:0010195,SSA:0002163,1,group
SSA:0010196,SSA:0000002,2,group
SSA:0010196,SSA:0000900,3,taxon
SSA:0010196,SSA:0002033,1,group
SSA:0010196,SSA:0002163,1,group
SSA:0010197,SSA:0000002,2,group
SSA:0010197,SSA:0000900,3,taxon
SSA:0010197,SSA:0002033,1,group
SSA:0010197,SSA:0002163,1,group
SSA:0010198,SSA:0000002,2,group
SSA:0010198,SSA:0000900,3,taxon
SSA:0010198,SSA:0002033,1,group
SSA:0010198,SSA:0002163,1,group
SSA:0010404,SSA:0000002,2,group
SSA:0010404,SSA:0000900,3,taxon
SSA:0010404,SSA:0002078,1,group
SSA:0010405,SSA:0000002,2,group
SSA:0010405,SSA:0000900,3,taxon
SSA:0010405,SSA:0002078,1,group
SSA:0010406,SSA:0000002,2,group
SSA:0010406,SSA:0000900,3,taxon
SSA:0010406,SSA:0002078,1,group
SSA:0010407,SSA:0000002,2,group
SSA:0010407,SSA:0000900,3,taxon
SSA:0010407,SSA:0002078,1,group
SSA:0020047,SSA:0000003,7,group
SSA:0020047,SSA:0000010,6,group
SSA:0020047,SSA:0000011,5,group
SSA:0020047,SSA:0000020,4,group
SSA:0020047,SSA:0000030,2,group
SSA:0020047,SSA:0000900,8,taxon
SSA:0020047,SSA:0003001,3,group
SSA:0020047,SSA:0003012,1,group
