taxon_id,ancestor_id,depth
NCBITaxon:9720,NCBITaxon:117570,17
NCBITaxon:9720,NCBITaxon:117571,16
NCBITaxon:9720,NCBITaxon:131567,28
NCBITaxon:9720,NCBITaxon:1338369,14
NCBITaxon:9720,NCBITaxon:1437010,8
NCBITaxon:9720,NCBITaxon:2759,27
NCBITaxon:9720,NCBITaxon:3072905,4
NCBITaxon:9720,NCBITaxon:314145,7
NCBITaxon:9720,NCBITaxon:32523,13
NCBITaxon:9720,NCBITaxon:32524,12
NCBITaxon:9720,NCBITaxon:32525,10
NCBITaxon:9720,NCBITaxon:33154,26
NCBITaxon:9720,NCBITaxon:33208,25
NCBITaxon:9720,NCBITaxon:33213,23
NCBITaxon:9720,NCBITaxon:33511,22
NCBITaxon:9720,NCBITaxon:33554,6
NCBITaxon:9720,NCBITaxon:3410118,2
NCBITaxon:9720,NCBITaxon:379584,5
NCBITaxon:9720,NCBITaxon:40674,11
NCBITaxon:9720,NCBITaxon:6072,24
NCBITaxon:9720,NCBITaxon:7711,21
NCBITaxon:9720,NCBITaxon:7742,19
NCBITaxon:9720,NCBITaxon:7776,18
NCBITaxon:9720,NCBITaxon:8287,15
NCBITaxon:9720,NCBITaxon:89593,20
NCBITaxon:9720,NCBITaxon:9347,9
NCBITaxon:9720,NCBITaxon:9709,3
NCBITaxon:9720,NCBITaxon:9717,1
NCBITaxon:9720,NCBITaxon:9720,0
NCBITaxon:9733,NCBITaxon:117570,17
NCBITaxon:9733,NCBITaxon:117571,16
NCBITaxon:9733,NCBITaxon:131567,28
NCBITaxon:9733,NCBITaxon:1338369,14
NCBITaxon:9733,NCBITaxon:1437010,8
NCBITaxon:9733,NCBITaxon:2653789,5
NCBITaxon:9733,NCBITaxon:2759,27
NCBITaxon:9733,NCBITaxon:314145,7
NCBITaxon:9733,NCBITaxon:32523,13
NCBITaxon:9733,NCBITaxon:32524,12
NCBITaxon:9733,NCBITaxon:32525,10
NCBITaxon:9733,NCBITaxon:33154,26
NCBITaxon:9733,NCBITaxon:33208,25
NCBITaxon:9733,NCBITaxon:33213,23
NCBITaxon:9733,NCBITaxon:33511,22
NCBITaxon:9733,NCBITaxon:40674,11
NCBITaxon:9733,NCBITaxon:6072,24
NCBITaxon:9733,NCBITaxon:7711,21
NCBITaxon:9733,NCBITaxon:7742,19
NCBITaxon:9733,NCBITaxon:7776,18
NCBITaxon:9733,NCBITaxon:8287,15
NCBITaxon:9733,NCBITaxon:89593,20
NCBITaxon:9733,NCBITaxon:91561,6
NCBITaxon:9733,NCBITaxon:9347,9
NCBITaxon:9733,NCBITaxon:9721,4
NCBITaxon:9733,NCBITaxon:9722,3
NCBITaxon:9733,NCBITaxon:9726,2
NCBITaxon:9733,NCBITaxon:9732,1
NCBITaxon:9733,NCBITaxon:9733,0
NCBITaxon:9773,NCBITaxon:117570,17
NCBITaxon:9773,NCBITaxon:117571,16
NCBITaxon:9773,NCBITaxon:131567,28
NCBITaxon:9773,NCBITaxon:1338369,14
NCBITaxon:9773,NCBITaxon:1437010,8
NCBITaxon:9773,NCBITaxon:2653789,5
NCBITaxon:9773,NCBITaxon:2759,27
NCBITaxon:9773,NCBITaxon:314145,7
NCBITaxon:9773,NCBITaxon:32523,13
NCBITaxon:9773,NCBITaxon:32524,12
NCBITaxon:9773,NCBITaxon:32525,10
NCBITaxon:9773,NCBITaxon:33154,26
NCBITaxon:9773,NCBITaxon:33208,25
NCBITaxon:9773,NCBITaxon:33213,23
NCBITaxon:9773,NCBITaxon:33511,22
NCBITaxon:9773,NCBITaxon:40674,11
NCBITaxon:9773,NCBITaxon:6072,24
NCBITaxon:9773,NCBITaxon:7711,21
NCBITaxon:9773,NCBITaxon:7742,19
NCBITaxon:9773,NCBITaxon:7776,18
NCBITaxon:9773,NCBITaxon:8287,15
NCBITaxon:9773,NCBITaxon:89593,20
NCBITaxon:9773,NCBITaxon:91561,6
NCBITaxon:9773,NCBITaxon:9347,9
NCBITaxon:9773,NCBITaxon:9721,4
NCBITaxon:9773,NCBITaxon:9761,3
NCBITaxon:9773,NCBITaxon:9765,2
NCBITaxon:9773,NCBITaxon:9772,1
NCBITaxon:9773,NCBITaxon:9773,0
