id,observed_at,doc
00000000-0000-4000-a000-000000000001,2026-10-08 02:32:47.860174+00,"{""id"": ""00000000-0000-4000-a000-000000000001"", ""url"": null, ""body"": null, ""count"": 2, ""taxon"": {""entity_id"": ""SSA:0000900"", ""species_id"": 41521, ""scientific_name"": ""Orcinus orca"", ""vernacular_name"": ""Killer whale""}, ""photos"": [{""src"": ""https://example.com/ci-gate-test-photo.jpg"", ""thumb"": null, ""license"": ""cc-by"", ""mimetype"": null, ""attribution"": ""someone""}], ""accuracy"": null, ""location"": {""lat"": 48.4, ""lon"": -123.3}, ""observer"": ""CI Gate Test"", ""provider"": ""SalishSea.io Direct"", ""certainty"": null, ""direction"": null, ""collection"": ""SalishSea.io Direct"", ""source_url"": null, ""attribution"": ""CI Gate Test on SalishSea.io"", ""identifiers"": [], ""observed_at"": ""2026-10-08T02:32:47.860174+00:00"", ""organization"": null, ""observed_from"": null, ""provider_slug"": ""direct"", ""contributor_id"": 73, ""observed_until"": null, ""organization_url"": null}"
00000000-0000-4000-a000-000000000002,2026-09-18 20:15:00+00,"{""id"": ""00000000-0000-4000-a000-000000000002"", ""url"": null, ""body"": ""T65A with her calves, heading east; T137s nearby"", ""count"": 3, ""taxon"": {""entity_id"": ""SSA:0000900"", ""species_id"": 41521, ""scientific_name"": ""Orcinus orca"", ""vernacular_name"": ""Killer whale""}, ""photos"": [], ""accuracy"": null, ""location"": {""lat"": 48.52, ""lon"": -123.15}, ""observer"": ""CI Gate Test"", ""provider"": ""SalishSea.io Direct"", ""certainty"": null, ""direction"": ""east"", ""collection"": ""SalishSea.io Direct"", ""source_url"": null, ""attribution"": ""CI Gate Test on SalishSea.io"", ""identifiers"": [""T65A"", ""T137s""], ""observed_at"": ""2026-09-18T20:15:00+00:00"", ""organization"": null, ""observed_from"": {""lat"": 48.53, ""lon"": -123.16}, ""provider_slug"": ""direct"", ""contributor_id"": 73, ""observed_until"": null, ""organization_url"": null}"
happywhale:1,2026-09-17 20:01:38+00,"{""id"": ""happywhale:1"", ""url"": ""https://happywhale.com/individual/1;enc=1"", ""body"": ""[T065A](https://happywhale.com/individual/1)♀\n\n📍 Off Turn Point\n\nMother and calf"", ""count"": 4, ""taxon"": {""entity_id"": ""SSA:0000900"", ""species_id"": 41521, ""scientific_name"": ""Orcinus orca"", ""vernacular_name"": ""Killer whale""}, ""photos"": [], ""accuracy"": 2, ""location"": {""lat"": 48.69, ""lon"": -123.24}, ""observer"": ""Synthetic Contributor"", ""provider"": ""HappyWhale"", ""certainty"": null, ""direction"": null, ""collection"": ""HappyWhale"", ""source_url"": ""https://happywhale.com/individual/1;enc=1"", ""attribution"": ""Synthetic Contributor on HappyWhale"", ""identifiers"": [], ""observed_at"": ""2026-09-17T20:01:38+00:00"", ""organization"": null, ""observed_from"": null, ""provider_slug"": ""happywhale"", ""contributor_id"": null, ""observed_until"": null, ""organization_url"": null}"
inaturalist:9000001,2026-09-14 18:30:00+00,"{""id"": ""inaturalist:9000001"", ""url"": ""https://www.inaturalist.org/observations/9000001"", ""body"": ""T137A and T137B foraging near the kelp line"", ""count"": null, ""taxon"": {""entity_id"": ""SSA:0000002"", ""species_id"": 41521, ""scientific_name"": ""Orcinus orca rectipinnus"", ""vernacular_name"": ""Bigg's killer whale""}, ""photos"": [{""src"": ""https://static.inaturalist.org/photos/8000001/square.jpg"", ""thumb"": null, ""license"": ""cc-by"", ""mimetype"": null, ""attribution"": ""(c) synthetic_observer, some rights reserved (CC BY)""}], ""accuracy"": 30, ""location"": {""lat"": 48.45, ""lon"": -122.95}, ""observer"": ""synthetic_observer"", ""provider"": ""iNaturalist"", ""certainty"": null, ""direction"": null, ""collection"": ""iNaturalist"", ""source_url"": ""https://www.inaturalist.org/observations/9000001"", ""attribution"": ""synthetic_observer on iNaturalist"", ""identifiers"": [""T137A"", ""T137B""], ""observed_at"": ""2026-09-14T18:30:00+00:00"", ""organization"": null, ""observed_from"": null, ""provider_slug"": ""inaturalist"", ""contributor_id"": null, ""observed_until"": null, ""organization_url"": null}"
inaturalist:9000002,2026-09-15 16:00:00+00,"{""id"": ""inaturalist:9000002"", ""url"": ""https://www.inaturalist.org/observations/9000002"", ""body"": null, ""count"": null, ""taxon"": {""entity_id"": ""SSA:0000901"", ""species_id"": 41566, ""scientific_name"": ""Megaptera novaeangliae"", ""vernacular_name"": ""Humpback whale""}, ""photos"": [], ""accuracy"": null, ""location"": {""lat"": 48.3, ""lon"": -123.4}, ""observer"": ""synthetic_observer"", ""provider"": ""iNaturalist"", ""certainty"": null, ""direction"": null, ""collection"": ""iNaturalist"", ""source_url"": ""https://www.inaturalist.org/observations/9000002"", ""attribution"": ""synthetic_observer on iNaturalist"", ""identifiers"": [], ""observed_at"": ""2026-09-15T16:00:00+00:00"", ""organization"": null, ""observed_from"": null, ""provider_slug"": ""inaturalist"", ""contributor_id"": null, ""observed_until"": null, ""organization_url"": null}"
maplify:1,2026-10-07 02:32:47.906745+00,"{""id"": ""maplify:1"", ""url"": null, ""body"": ""[Orca Network] 3 orcas heading north (Jane Smith)<br>All adults."", ""count"": 3, ""taxon"": {""entity_id"": ""SSA:0000900"", ""species_id"": 41521, ""scientific_name"": ""Orcinus orca"", ""vernacular_name"": ""Killer whale""}, ""photos"": [], ""accuracy"": null, ""location"": {""lat"": 48.5, ""lon"": -122.9}, ""observer"": null, ""provider"": ""Maplify / conserve.io"", ""certainty"": null, ""direction"": ""north"", ""collection"": ""Orca Network"", ""source_url"": null, ""attribution"": null, ""identifiers"": [], ""observed_at"": ""2026-10-07T02:32:47.906745+00:00"", ""organization"": ""Orca Network"", ""observed_from"": null, ""provider_slug"": ""maplify"", ""contributor_id"": null, ""observed_until"": null, ""organization_url"": ""https://orcanetwork.org""}"
maplify:11,2026-09-10 17:20:00+00,"{""id"": ""maplify:11"", ""url"": null, ""body"": ""[Orca Network] T65A, T065A2 and T137A southbound off Lime Kiln (Pat Doe)"", ""count"": 5, ""taxon"": {""entity_id"": ""SSA:0000900"", ""species_id"": 41521, ""scientific_name"": ""Orcinus orca"", ""vernacular_name"": ""Killer whale""}, ""photos"": [], ""accuracy"": null, ""location"": {""lat"": 48.55, ""lon"": -123.05}, ""observer"": null, ""provider"": ""Maplify / conserve.io"", ""certainty"": null, ""direction"": ""south"", ""collection"": ""Orca Network"", ""source_url"": null, ""attribution"": ""pdoe on whale_alert"", ""identifiers"": [""T65A"", ""T65A2"", ""T137A""], ""observed_at"": ""2026-09-10T17:20:00+00:00"", ""organization"": ""Orca Network"", ""observed_from"": null, ""provider_slug"": ""maplify"", ""contributor_id"": null, ""observed_until"": null, ""organization_url"": ""https://orcanetwork.org""}"
maplify:12,2026-09-11 09:05:00+00,"{""id"": ""maplify:12"", ""url"": null, ""body"": ""Hauled out at low tide"", ""count"": 12, ""taxon"": {""entity_id"": ""SSA:0000904"", ""species_id"": 41708, ""scientific_name"": ""Phoca vitulina"", ""vernacular_name"": ""Harbour seal""}, ""photos"": [], ""accuracy"": null, ""location"": {""lat"": 48.3825, ""lon"": -124.591}, ""observer"": null, ""provider"": ""Maplify / conserve.io"", ""certainty"": null, ""direction"": null, ""collection"": ""Whale Alert"", ""source_url"": null, ""attribution"": null, ""identifiers"": [], ""observed_at"": ""2026-09-11T09:05:00+00:00"", ""organization"": null, ""observed_from"": null, ""provider_slug"": ""maplify"", ""contributor_id"": null, ""observed_until"": null, ""organization_url"": null}"
maplify:13,2026-09-12 21:45:00+00,"{""id"": ""maplify:13"", ""url"": null, ""body"": ""J35 and J47 with Ls, northbound in Haro Strait"", ""count"": 20, ""taxon"": {""entity_id"": ""SSA:0000900"", ""species_id"": 41521, ""scientific_name"": ""Orcinus orca"", ""vernacular_name"": ""Killer whale""}, ""photos"": [], ""accuracy"": null, ""location"": {""lat"": 48.5, ""lon"": -123.2}, ""observer"": null, ""provider"": ""Maplify / conserve.io"", ""certainty"": null, ""direction"": ""north"", ""collection"": null, ""source_url"": null, ""attribution"": null, ""identifiers"": [""J35"", ""J47""], ""observed_at"": ""2026-09-12T21:45:00+00:00"", ""organization"": null, ""observed_from"": null, ""provider_slug"": ""maplify"", ""contributor_id"": null, ""observed_until"": null, ""organization_url"": null}"
maplify:2,2026-10-06 02:32:47.911948+00,"{""id"": ""maplify:2"", ""url"": null, ""body"": null, ""count"": 1, ""taxon"": {""entity_id"": ""SSA:0000900"", ""species_id"": 41521, ""scientific_name"": ""Orcinus orca"", ""vernacular_name"": ""Killer whale""}, ""photos"": [], ""accuracy"": null, ""location"": {""lat"": 48.6, ""lon"": -123.1}, ""observer"": null, ""provider"": ""Maplify / conserve.io"", ""certainty"": null, ""direction"": null, ""collection"": ""Whale Alert"", ""source_url"": null, ""attribution"": null, ""identifiers"": [], ""observed_at"": ""2026-10-06T02:32:47.911948+00:00"", ""organization"": null, ""observed_from"": null, ""provider_slug"": ""maplify"", ""contributor_id"": null, ""observed_until"": null, ""organization_url"": null}"
maplify:3,2026-10-05 02:32:47.915351+00,"{""id"": ""maplify:3"", ""url"": null, ""body"": ""Three orcas spotted near the rocks."", ""count"": 2, ""taxon"": {""entity_id"": ""SSA:0000900"", ""species_id"": 41521, ""scientific_name"": ""Orcinus orca"", ""vernacular_name"": ""Killer whale""}, ""photos"": [], ""accuracy"": null, ""location"": {""lat"": 48.7, ""lon"": -123}, ""observer"": null, ""provider"": ""Maplify / conserve.io"", ""certainty"": null, ""direction"": null, ""collection"": null, ""source_url"": null, ""attribution"": null, ""identifiers"": [], ""observed_at"": ""2026-10-05T02:32:47.915351+00:00"", ""organization"": null, ""observed_from"": null, ""provider_slug"": ""maplify"", ""contributor_id"": null, ""observed_until"": null, ""organization_url"": null}"
orcasound:bout_twin0000000000000001:SSA:0000900,2026-09-16 04:10:00+00,"{""id"": ""orcasound:bout_twin0000000000000001:SSA:0000900"", ""url"": ""https://live.orcasound.net/bouts/bout_twin0000000000000001"", ""body"": ""J pod calls"", ""count"": null, ""taxon"": {""entity_id"": ""SSA:0000900"", ""species_id"": 41521, ""scientific_name"": ""Orcinus orca"", ""vernacular_name"": ""Killer whale""}, ""photos"": [], ""accuracy"": null, ""location"": {""lat"": 48.5583, ""lon"": -123.1735}, ""observer"": null, ""provider"": ""Orcasound"", ""certainty"": ""probable"", ""direction"": null, ""collection"": ""Orcasound"", ""source_url"": ""https://live.orcasound.net/bouts/bout_twin0000000000000001"", ""attribution"": ""Orcasound moderators at Orcasound Lab"", ""identifiers"": [""J pod"", ""Southern Resident""], ""observed_at"": ""2026-09-16T04:10:00+00:00"", ""organization"": ""Orcasound"", ""observed_from"": null, ""provider_slug"": ""orcasound"", ""contributor_id"": null, ""observed_until"": ""2026-09-16T04:55:00+00:00"", ""organization_url"": ""https://orcasound.net""}"
